2026-03-21 12:42:37.727  INFO 21232 --- [demo] [main] com.example.demo.DemoApplication         : Starting DemoApplication using Java 17.0.11 with PID 21232 (F:\Universidad\Docencia ICESI\Computación en Internet 2\2026 01\parcial-jpa-avion\target\classes started by Kelocoes in F:\Universidad\Docencia ICESI\Computación en Internet 2\2026 01\parcial-jpa-avion)
2026-03-21 12:42:37.729  INFO 21232 --- [demo] [main] com.example.demo.DemoApplication         : No active profile set, falling back to 1 default profile: "default"
2026-03-21 12:42:38.124  INFO 21232 --- [demo] [main] .s.d.r.c.RepositoryConfigurationDelegate : Bootstrapping Spring Data JPA repositories in DEFAULT mode.
2026-03-21 12:42:38.184  INFO 21232 --- [demo] [main] .s.d.r.c.RepositoryConfigurationDelegate : Finished Spring Data repository scanning in 51 ms. Found 6 JPA repository interfaces.
2026-03-21 12:42:38.534  INFO 21232 --- [demo] [main] o.s.boot.tomcat.TomcatWebServer          : Tomcat initialized with port 8081 (http)
2026-03-21 12:42:38.543  INFO 21232 --- [demo] [main] o.apache.catalina.core.StandardService   : Starting service [Tomcat]
2026-03-21 12:42:38.544  INFO 21232 --- [demo] [main] o.apache.catalina.core.StandardEngine    : Starting Servlet engine: [Apache Tomcat/11.0.18]
2026-03-21 12:42:38.596  INFO 21232 --- [demo] [main] b.w.c.s.WebApplicationContextInitializer : Root WebApplicationContext: initialization completed in 834 ms
2026-03-21 12:42:38.714  INFO 21232 --- [demo] [main] org.hibernate.orm.jpa                    : HHH008540: Processing PersistenceUnitInfo [name: default]
2026-03-21 12:42:38.763  INFO 21232 --- [demo] [main] org.hibernate.orm.core                   : HHH000001: Hibernate ORM core version 7.2.7.Final
2026-03-21 12:42:39.112  INFO 21232 --- [demo] [main] o.s.o.j.p.SpringPersistenceUnitInfo      : No LoadTimeWeaver setup: ignoring JPA class transformer
2026-03-21 12:42:39.140  INFO 21232 --- [demo] [main] com.zaxxer.hikari.HikariDataSource       : HikariPool-1 - Starting...
2026-03-21 12:42:39.272  INFO 21232 --- [demo] [main] com.zaxxer.hikari.pool.HikariPool        : HikariPool-1 - Added connection conn0: url=jdbc:h2:mem:db-test user=POSTGRES
2026-03-21 12:42:39.274  INFO 21232 --- [demo] [main] com.zaxxer.hikari.HikariDataSource       : HikariPool-1 - Start completed.
2026-03-21 12:42:39.319  INFO 21232 --- [demo] [main] org.hibernate.orm.connections.pooling    : HHH10001005: Database info:
	Database JDBC URL [jdbc:h2:mem:db-test]
	Database driver: H2 JDBC Driver
	Database dialect: H2Dialect
	Database version: 2.4.240
	Default catalog/schema: DB-TEST/PUBLIC
	Autocommit mode: undefined/unknown
	Isolation level: READ_COMMITTED [default READ_COMMITTED]
	JDBC fetch size: 100
	Pool: DataSourceConnectionProvider
	Minimum pool size: undefined/unknown
	Maximum pool size: undefined/unknown
2026-03-21 12:42:40.020  INFO 21232 --- [demo] [main] org.hibernate.orm.core                   : HHH000489: No JTA platform available (set 'hibernate.transaction.jta.platform' to enable JTA platform integration)
2026-03-21 12:42:40.072  INFO 21232 --- [demo] [main] j.LocalContainerEntityManagerFactoryBean : Initialized JPA EntityManagerFactory for persistence unit 'default'
2026-03-21 12:42:40.127  INFO 21232 --- [demo] [main] o.s.d.j.r.query.QueryEnhancerFactories   : Hibernate is in classpath; If applicable, HQL parser will be used.
2026-03-21 12:42:40.348  WARN 21232 --- [demo] [main] JpaBaseConfiguration$JpaWebConfiguration : spring.jpa.open-in-view is enabled by default. Therefore, database queries may be performed during view rendering. Explicitly configure spring.jpa.open-in-view to disable this warning
2026-03-21 12:42:40.582  INFO 21232 --- [demo] [main] o.s.b.h.a.H2ConsoleAutoConfiguration     : H2 console available at '/h2-console'. Database available at 'jdbc:h2:mem:db-test'
2026-03-21 12:42:40.652  INFO 21232 --- [demo] [main] o.s.boot.tomcat.TomcatWebServer          : Tomcat started on port 8081 (http) with context path '/compunet2-2026'
2026-03-21 12:42:40.657  INFO 21232 --- [demo] [main] com.example.demo.DemoApplication         : Started DemoApplication in 3.259 seconds (process running for 3.569)
2026-03-21 12:43:02.661  INFO 21232 --- [demo] [http-nio-8081-exec-1] o.a.c.c.C.[.[.[/compunet2-2026]          : Initializing Spring DispatcherServlet 'dispatcherServlet'
2026-03-21 12:43:02.662  INFO 21232 --- [demo] [http-nio-8081-exec-1] o.s.web.servlet.DispatcherServlet        : Initializing Servlet 'dispatcherServlet'
2026-03-21 12:43:02.663  INFO 21232 --- [demo] [http-nio-8081-exec-1] o.s.web.servlet.DispatcherServlet        : Completed initialization in 1 ms
2026-03-21 12:44:30.776  INFO 21232 --- [demo] [SpringApplicationShutdownHook] o.s.boot.tomcat.GracefulShutdown         : Commencing graceful shutdown. Waiting for active requests to complete
2026-03-21 12:44:30.867  INFO 21232 --- [demo] [tomcat-shutdown] o.s.boot.tomcat.GracefulShutdown         : Graceful shutdown complete
2026-03-21 12:44:30.869  INFO 21232 --- [demo] [SpringApplicationShutdownHook] j.LocalContainerEntityManagerFactoryBean : Closing JPA EntityManagerFactory for persistence unit 'default'
2026-03-21 12:44:30.874  INFO 21232 --- [demo] [SpringApplicationShutdownHook] com.zaxxer.hikari.HikariDataSource       : HikariPool-1 - Shutdown initiated...
2026-03-21 12:44:30.875  INFO 21232 --- [demo] [SpringApplicationShutdownHook] com.zaxxer.hikari.HikariDataSource       : HikariPool-1 - Shutdown completed.
2026-03-21 12:44:38.309  INFO 22436 --- [demo] [main] com.example.demo.DemoApplication         : Starting DemoApplication using Java 17.0.11 with PID 22436 (F:\Universidad\Docencia ICESI\Computación en Internet 2\2026 01\parcial-jpa-avion\target\classes started by Kelocoes in F:\Universidad\Docencia ICESI\Computación en Internet 2\2026 01\parcial-jpa-avion)
2026-03-21 12:44:38.312  INFO 22436 --- [demo] [main] com.example.demo.DemoApplication         : No active profile set, falling back to 1 default profile: "default"
2026-03-21 12:44:38.719  INFO 22436 --- [demo] [main] .s.d.r.c.RepositoryConfigurationDelegate : Bootstrapping Spring Data JPA repositories in DEFAULT mode.
2026-03-21 12:44:38.778  INFO 22436 --- [demo] [main] .s.d.r.c.RepositoryConfigurationDelegate : Finished Spring Data repository scanning in 49 ms. Found 6 JPA repository interfaces.
2026-03-21 12:44:39.156  INFO 22436 --- [demo] [main] o.s.boot.tomcat.TomcatWebServer          : Tomcat initialized with port 8081 (http)
2026-03-21 12:44:39.167  INFO 22436 --- [demo] [main] o.apache.catalina.core.StandardService   : Starting service [Tomcat]
2026-03-21 12:44:39.167  INFO 22436 --- [demo] [main] o.apache.catalina.core.StandardEngine    : Starting Servlet engine: [Apache Tomcat/11.0.18]
2026-03-21 12:44:39.221  INFO 22436 --- [demo] [main] b.w.c.s.WebApplicationContextInitializer : Root WebApplicationContext: initialization completed in 876 ms
2026-03-21 12:44:39.333  INFO 22436 --- [demo] [main] org.hibernate.orm.jpa                    : HHH008540: Processing PersistenceUnitInfo [name: default]
2026-03-21 12:44:39.377  INFO 22436 --- [demo] [main] org.hibernate.orm.core                   : HHH000001: Hibernate ORM core version 7.2.7.Final
2026-03-21 12:44:39.709  INFO 22436 --- [demo] [main] o.s.o.j.p.SpringPersistenceUnitInfo      : No LoadTimeWeaver setup: ignoring JPA class transformer
2026-03-21 12:44:39.735  INFO 22436 --- [demo] [main] com.zaxxer.hikari.HikariDataSource       : HikariPool-1 - Starting...
2026-03-21 12:44:39.868  INFO 22436 --- [demo] [main] com.zaxxer.hikari.pool.HikariPool        : HikariPool-1 - Added connection conn0: url=jdbc:h2:mem:db-test user=POSTGRES
2026-03-21 12:44:39.869  INFO 22436 --- [demo] [main] com.zaxxer.hikari.HikariDataSource       : HikariPool-1 - Start completed.
2026-03-21 12:44:39.913  INFO 22436 --- [demo] [main] org.hibernate.orm.connections.pooling    : HHH10001005: Database info:
	Database JDBC URL [jdbc:h2:mem:db-test]
	Database driver: H2 JDBC Driver
	Database dialect: H2Dialect
	Database version: 2.4.240
	Default catalog/schema: DB-TEST/PUBLIC
	Autocommit mode: undefined/unknown
	Isolation level: READ_COMMITTED [default READ_COMMITTED]
	JDBC fetch size: 100
	Pool: DataSourceConnectionProvider
	Minimum pool size: undefined/unknown
	Maximum pool size: undefined/unknown
2026-03-21 12:44:40.609  INFO 22436 --- [demo] [main] org.hibernate.orm.core                   : HHH000489: No JTA platform available (set 'hibernate.transaction.jta.platform' to enable JTA platform integration)
2026-03-21 12:44:40.662  INFO 22436 --- [demo] [main] j.LocalContainerEntityManagerFactoryBean : Initialized JPA EntityManagerFactory for persistence unit 'default'
2026-03-21 12:44:40.715  INFO 22436 --- [demo] [main] o.s.d.j.r.query.QueryEnhancerFactories   : Hibernate is in classpath; If applicable, HQL parser will be used.
2026-03-21 12:44:40.910  WARN 22436 --- [demo] [main] JpaBaseConfiguration$JpaWebConfiguration : spring.jpa.open-in-view is enabled by default. Therefore, database queries may be performed during view rendering. Explicitly configure spring.jpa.open-in-view to disable this warning
2026-03-21 12:44:41.105  INFO 22436 --- [demo] [main] o.s.b.h.a.H2ConsoleAutoConfiguration     : H2 console available at '/h2-console'. Database available at 'jdbc:h2:mem:db-test'
2026-03-21 12:44:41.162  INFO 22436 --- [demo] [main] o.s.boot.tomcat.TomcatWebServer          : Tomcat started on port 8081 (http) with context path '/compunet2-2026'
2026-03-21 12:44:41.166  INFO 22436 --- [demo] [main] com.example.demo.DemoApplication         : Started DemoApplication in 3.186 seconds (process running for 3.491)
2026-03-21 12:44:41.169  INFO 22436 --- [demo] [SpringApplicationShutdownHook] o.s.boot.tomcat.GracefulShutdown         : Commencing graceful shutdown. Waiting for active requests to complete
2026-03-21 12:44:41.253  INFO 22436 --- [demo] [tomcat-shutdown] o.s.boot.tomcat.GracefulShutdown         : Graceful shutdown complete
2026-03-21 12:44:41.256  INFO 22436 --- [demo] [SpringApplicationShutdownHook] j.LocalContainerEntityManagerFactoryBean : Closing JPA EntityManagerFactory for persistence unit 'default'
2026-03-21 12:44:41.261  INFO 22436 --- [demo] [SpringApplicationShutdownHook] com.zaxxer.hikari.HikariDataSource       : HikariPool-1 - Shutdown initiated...
2026-03-21 12:44:41.262  INFO 22436 --- [demo] [SpringApplicationShutdownHook] com.zaxxer.hikari.HikariDataSource       : HikariPool-1 - Shutdown completed.
2026-03-21 12:44:58.662  INFO 23112 --- [demo] [main] com.example.demo.DemoApplication         : Starting DemoApplication using Java 17.0.11 with PID 23112 (F:\Universidad\Docencia ICESI\Computación en Internet 2\2026 01\parcial-jpa-avion\target\classes started by Kelocoes in F:\Universidad\Docencia ICESI\Computación en Internet 2\2026 01\parcial-jpa-avion)
2026-03-21 12:44:58.665  INFO 23112 --- [demo] [main] com.example.demo.DemoApplication         : No active profile set, falling back to 1 default profile: "default"
2026-03-21 12:44:59.042  INFO 23112 --- [demo] [main] .s.d.r.c.RepositoryConfigurationDelegate : Bootstrapping Spring Data JPA repositories in DEFAULT mode.
2026-03-21 12:44:59.090  INFO 23112 --- [demo] [main] .s.d.r.c.RepositoryConfigurationDelegate : Finished Spring Data repository scanning in 41 ms. Found 6 JPA repository interfaces.
2026-03-21 12:44:59.425  INFO 23112 --- [demo] [main] o.s.boot.tomcat.TomcatWebServer          : Tomcat initialized with port 8081 (http)
2026-03-21 12:44:59.435  INFO 23112 --- [demo] [main] o.apache.catalina.core.StandardService   : Starting service [Tomcat]
2026-03-21 12:44:59.436  INFO 23112 --- [demo] [main] o.apache.catalina.core.StandardEngine    : Starting Servlet engine: [Apache Tomcat/11.0.18]
2026-03-21 12:44:59.487  INFO 23112 --- [demo] [main] b.w.c.s.WebApplicationContextInitializer : Root WebApplicationContext: initialization completed in 789 ms
2026-03-21 12:44:59.603  INFO 23112 --- [demo] [main] org.hibernate.orm.jpa                    : HHH008540: Processing PersistenceUnitInfo [name: default]
2026-03-21 12:44:59.646  INFO 23112 --- [demo] [main] org.hibernate.orm.core                   : HHH000001: Hibernate ORM core version 7.2.7.Final
2026-03-21 12:44:59.982  INFO 23112 --- [demo] [main] o.s.o.j.p.SpringPersistenceUnitInfo      : No LoadTimeWeaver setup: ignoring JPA class transformer
2026-03-21 12:45:00.010  INFO 23112 --- [demo] [main] com.zaxxer.hikari.HikariDataSource       : HikariPool-1 - Starting...
2026-03-21 12:45:00.138  INFO 23112 --- [demo] [main] com.zaxxer.hikari.pool.HikariPool        : HikariPool-1 - Added connection conn0: url=jdbc:h2:mem:db-test user=POSTGRES
2026-03-21 12:45:00.140  INFO 23112 --- [demo] [main] com.zaxxer.hikari.HikariDataSource       : HikariPool-1 - Start completed.
2026-03-21 12:45:00.183  INFO 23112 --- [demo] [main] org.hibernate.orm.connections.pooling    : HHH10001005: Database info:
	Database JDBC URL [jdbc:h2:mem:db-test]
	Database driver: H2 JDBC Driver
	Database dialect: H2Dialect
	Database version: 2.4.240
	Default catalog/schema: DB-TEST/PUBLIC
	Autocommit mode: undefined/unknown
	Isolation level: READ_COMMITTED [default READ_COMMITTED]
	JDBC fetch size: 100
	Pool: DataSourceConnectionProvider
	Minimum pool size: undefined/unknown
	Maximum pool size: undefined/unknown
2026-03-21 12:45:00.859  INFO 23112 --- [demo] [main] org.hibernate.orm.core                   : HHH000489: No JTA platform available (set 'hibernate.transaction.jta.platform' to enable JTA platform integration)
2026-03-21 12:45:00.908  INFO 23112 --- [demo] [main] j.LocalContainerEntityManagerFactoryBean : Initialized JPA EntityManagerFactory for persistence unit 'default'
2026-03-21 12:45:00.961  INFO 23112 --- [demo] [main] o.s.d.j.r.query.QueryEnhancerFactories   : Hibernate is in classpath; If applicable, HQL parser will be used.
2026-03-21 12:45:01.136  WARN 23112 --- [demo] [main] JpaBaseConfiguration$JpaWebConfiguration : spring.jpa.open-in-view is enabled by default. Therefore, database queries may be performed during view rendering. Explicitly configure spring.jpa.open-in-view to disable this warning
2026-03-21 12:45:01.304  INFO 23112 --- [demo] [main] o.s.b.h.a.H2ConsoleAutoConfiguration     : H2 console available at '/h2-console'. Database available at 'jdbc:h2:mem:db-test'
2026-03-21 12:45:01.359  INFO 23112 --- [demo] [main] o.s.boot.tomcat.TomcatWebServer          : Tomcat started on port 8081 (http) with context path '/compunet2-2026'
2026-03-21 12:45:01.363  INFO 23112 --- [demo] [main] com.example.demo.DemoApplication         : Started DemoApplication in 3.03 seconds (process running for 3.332)
2026-03-21 12:45:02.226  INFO 23112 --- [demo] [http-nio-8081-exec-1] o.a.c.c.C.[.[.[/compunet2-2026]          : Initializing Spring DispatcherServlet 'dispatcherServlet'
2026-03-21 12:45:02.226  INFO 23112 --- [demo] [http-nio-8081-exec-1] o.s.web.servlet.DispatcherServlet        : Initializing Servlet 'dispatcherServlet'
2026-03-21 12:45:02.227  INFO 23112 --- [demo] [http-nio-8081-exec-1] o.s.web.servlet.DispatcherServlet        : Completed initialization in 0 ms
2026-03-21 12:46:59.084  INFO 23112 --- [demo] [SpringApplicationShutdownHook] o.s.boot.tomcat.GracefulShutdown         : Commencing graceful shutdown. Waiting for active requests to complete
2026-03-21 12:46:59.168  INFO 23112 --- [demo] [tomcat-shutdown] o.s.boot.tomcat.GracefulShutdown         : Graceful shutdown complete
2026-03-21 12:46:59.171  INFO 23112 --- [demo] [SpringApplicationShutdownHook] j.LocalContainerEntityManagerFactoryBean : Closing JPA EntityManagerFactory for persistence unit 'default'
2026-03-21 12:46:59.175  INFO 23112 --- [demo] [SpringApplicationShutdownHook] com.zaxxer.hikari.HikariDataSource       : HikariPool-1 - Shutdown initiated...
2026-03-21 12:46:59.176  INFO 23112 --- [demo] [SpringApplicationShutdownHook] com.zaxxer.hikari.HikariDataSource       : HikariPool-1 - Shutdown completed.
2026-03-21 12:47:12.152  INFO 20904 --- [demo] [main] com.example.demo.DemoApplication         : Starting DemoApplication using Java 17.0.11 with PID 20904 (F:\Universidad\Docencia ICESI\Computación en Internet 2\2026 01\parcial-jpa-avion\target\classes started by Kelocoes in F:\Universidad\Docencia ICESI\Computación en Internet 2\2026 01\parcial-jpa-avion)
2026-03-21 12:47:12.154  INFO 20904 --- [demo] [main] com.example.demo.DemoApplication         : No active profile set, falling back to 1 default profile: "default"
2026-03-21 12:47:12.536  INFO 20904 --- [demo] [main] .s.d.r.c.RepositoryConfigurationDelegate : Bootstrapping Spring Data JPA repositories in DEFAULT mode.
2026-03-21 12:47:12.585  INFO 20904 --- [demo] [main] .s.d.r.c.RepositoryConfigurationDelegate : Finished Spring Data repository scanning in 42 ms. Found 6 JPA repository interfaces.
2026-03-21 12:47:12.917  INFO 20904 --- [demo] [main] o.s.boot.tomcat.TomcatWebServer          : Tomcat initialized with port 8081 (http)
2026-03-21 12:47:12.927  INFO 20904 --- [demo] [main] o.apache.catalina.core.StandardService   : Starting service [Tomcat]
2026-03-21 12:47:12.927  INFO 20904 --- [demo] [main] o.apache.catalina.core.StandardEngine    : Starting Servlet engine: [Apache Tomcat/11.0.18]
2026-03-21 12:47:12.980  INFO 20904 --- [demo] [main] b.w.c.s.WebApplicationContextInitializer : Root WebApplicationContext: initialization completed in 792 ms
2026-03-21 12:47:13.094  INFO 20904 --- [demo] [main] org.hibernate.orm.jpa                    : HHH008540: Processing PersistenceUnitInfo [name: default]
2026-03-21 12:47:13.137  INFO 20904 --- [demo] [main] org.hibernate.orm.core                   : HHH000001: Hibernate ORM core version 7.2.7.Final
2026-03-21 12:47:13.459  INFO 20904 --- [demo] [main] o.s.o.j.p.SpringPersistenceUnitInfo      : No LoadTimeWeaver setup: ignoring JPA class transformer
2026-03-21 12:47:13.484  INFO 20904 --- [demo] [main] com.zaxxer.hikari.HikariDataSource       : HikariPool-1 - Starting...
2026-03-21 12:47:13.610  INFO 20904 --- [demo] [main] com.zaxxer.hikari.pool.HikariPool        : HikariPool-1 - Added connection conn0: url=jdbc:h2:mem:db-test user=POSTGRES
2026-03-21 12:47:13.612  INFO 20904 --- [demo] [main] com.zaxxer.hikari.HikariDataSource       : HikariPool-1 - Start completed.
2026-03-21 12:47:13.657  INFO 20904 --- [demo] [main] org.hibernate.orm.connections.pooling    : HHH10001005: Database info:
	Database JDBC URL [jdbc:h2:mem:db-test]
	Database driver: H2 JDBC Driver
	Database dialect: H2Dialect
	Database version: 2.4.240
	Default catalog/schema: DB-TEST/PUBLIC
	Autocommit mode: undefined/unknown
	Isolation level: READ_COMMITTED [default READ_COMMITTED]
	JDBC fetch size: 100
	Pool: DataSourceConnectionProvider
	Minimum pool size: undefined/unknown
	Maximum pool size: undefined/unknown
2026-03-21 12:47:14.326  INFO 20904 --- [demo] [main] org.hibernate.orm.core                   : HHH000489: No JTA platform available (set 'hibernate.transaction.jta.platform' to enable JTA platform integration)
2026-03-21 12:47:14.374  INFO 20904 --- [demo] [main] j.LocalContainerEntityManagerFactoryBean : Initialized JPA EntityManagerFactory for persistence unit 'default'
2026-03-21 12:47:14.423  INFO 20904 --- [demo] [main] o.s.d.j.r.query.QueryEnhancerFactories   : Hibernate is in classpath; If applicable, HQL parser will be used.
2026-03-21 12:47:14.588  WARN 20904 --- [demo] [main] JpaBaseConfiguration$JpaWebConfiguration : spring.jpa.open-in-view is enabled by default. Therefore, database queries may be performed during view rendering. Explicitly configure spring.jpa.open-in-view to disable this warning
2026-03-21 12:47:14.763  INFO 20904 --- [demo] [main] o.s.b.h.a.H2ConsoleAutoConfiguration     : H2 console available at '/h2-console'. Database available at 'jdbc:h2:mem:db-test'
2026-03-21 12:47:14.778  WARN 20904 --- [demo] [main] ConfigServletWebServerApplicationContext : Exception encountered during context initialization - cancelling refresh attempt: org.springframework.beans.factory.BeanCreationException: Error creating bean with name 'dataSourceScriptDatabaseInitializer' defined in class path resource [org/springframework/boot/jdbc/autoconfigure/DataSourceInitializationAutoConfiguration.class]: Failed to execute SQL script statement #4 of file [F:\Universidad\Docencia ICESI\Computación en Internet 2\2026 01\parcial-jpa-avion\target\classes\data.sql]: INSERT INTO flights (id, flight_number, departure_date, arrival_date, estimated_passengers, airplane_id, origin_airport_id, destination_airport_id) VALUES (1, 'AN101', '2026-03-01 07:00:00', '2026-03-01 13:00:00', 168, 1, 1, 2), (2, 'AN202', '2026-03-01 15:30:00', '2026-03-01 21:10:00', 160, 2, 2, 1), (3, 'PW303', '2026-03-10 09:10:00', '2026-03-10 15:20:00', 240, 3, 3, 1), (4, 'PW404', '2026-03-15 08:30:00', '2026-03-15 20:00:00', 250, 3, 1, 4), (5, 'AN505', '2026-03-18 06:40:00', '2026-03-18 11:10:00', 158, 1, 1, 3), (6, 'AN606', '2026-03-20 19:00:00', '2026-03-21 01:30:00', 172, 2, 4, 1), INSERT INTO tickets (id, passenger_full_name, booking_code, purchase_date, origin_airport_id, destination_airport_id) VALUES (1, 'Laura Gomez', 'TG001', '2026-02-20 11:00:00', 1, 4), (2, 'Carlos Ruiz', 'TG002', '2026-02-22 16:20:00', 3, 1), (3, 'Ana Torres', 'TG003', '2026-02-25 09:45:00', 2, 3)
2026-03-21 12:47:14.779  INFO 20904 --- [demo] [main] j.LocalContainerEntityManagerFactoryBean : Closing JPA EntityManagerFactory for persistence unit 'default'
2026-03-21 12:47:14.784  INFO 20904 --- [demo] [main] com.zaxxer.hikari.HikariDataSource       : HikariPool-1 - Shutdown initiated...
2026-03-21 12:47:14.786  INFO 20904 --- [demo] [main] com.zaxxer.hikari.HikariDataSource       : HikariPool-1 - Shutdown completed.
2026-03-21 12:47:14.787  INFO 20904 --- [demo] [main] o.apache.catalina.core.StandardService   : Stopping service [Tomcat]
2026-03-21 12:47:14.793  INFO 20904 --- [demo] [main] .s.b.a.l.ConditionEvaluationReportLogger : 

Error starting ApplicationContext. To display the condition evaluation report re-run your application with 'debug' enabled.
2026-03-21 12:47:14.802 ERROR 20904 --- [demo] [main] o.s.boot.SpringApplication               : Application run failed

org.springframework.beans.factory.BeanCreationException: Error creating bean with name 'dataSourceScriptDatabaseInitializer' defined in class path resource [org/springframework/boot/jdbc/autoconfigure/DataSourceInitializationAutoConfiguration.class]: Failed to execute SQL script statement #4 of file [F:\Universidad\Docencia ICESI\Computación en Internet 2\2026 01\parcial-jpa-avion\target\classes\data.sql]: INSERT INTO flights (id, flight_number, departure_date, arrival_date, estimated_passengers, airplane_id, origin_airport_id, destination_airport_id) VALUES (1, 'AN101', '2026-03-01 07:00:00', '2026-03-01 13:00:00', 168, 1, 1, 2), (2, 'AN202', '2026-03-01 15:30:00', '2026-03-01 21:10:00', 160, 2, 2, 1), (3, 'PW303', '2026-03-10 09:10:00', '2026-03-10 15:20:00', 240, 3, 3, 1), (4, 'PW404', '2026-03-15 08:30:00', '2026-03-15 20:00:00', 250, 3, 1, 4), (5, 'AN505', '2026-03-18 06:40:00', '2026-03-18 11:10:00', 158, 1, 1, 3), (6, 'AN606', '2026-03-20 19:00:00', '2026-03-21 01:30:00', 172, 2, 4, 1), INSERT INTO tickets (id, passenger_full_name, booking_code, purchase_date, origin_airport_id, destination_airport_id) VALUES (1, 'Laura Gomez', 'TG001', '2026-02-20 11:00:00', 1, 4), (2, 'Carlos Ruiz', 'TG002', '2026-02-22 16:20:00', 3, 1), (3, 'Ana Torres', 'TG003', '2026-02-25 09:45:00', 2, 3)
	at org.springframework.beans.factory.support.AbstractAutowireCapableBeanFactory.initializeBean(AbstractAutowireCapableBeanFactory.java:1817) ~[spring-beans-7.0.6.jar:7.0.6]
	at org.springframework.beans.factory.support.AbstractAutowireCapableBeanFactory.doCreateBean(AbstractAutowireCapableBeanFactory.java:603) ~[spring-beans-7.0.6.jar:7.0.6]
	at org.springframework.beans.factory.support.AbstractAutowireCapableBeanFactory.createBean(AbstractAutowireCapableBeanFactory.java:525) ~[spring-beans-7.0.6.jar:7.0.6]
	at org.springframework.beans.factory.support.AbstractBeanFactory.lambda$doGetBean$0(AbstractBeanFactory.java:333) ~[spring-beans-7.0.6.jar:7.0.6]
	at org.springframework.beans.factory.support.DefaultSingletonBeanRegistry.getSingleton(DefaultSingletonBeanRegistry.java:371) ~[spring-beans-7.0.6.jar:7.0.6]
	at org.springframework.beans.factory.support.AbstractBeanFactory.doGetBean(AbstractBeanFactory.java:331) ~[spring-beans-7.0.6.jar:7.0.6]
	at org.springframework.beans.factory.support.AbstractBeanFactory.getBean(AbstractBeanFactory.java:196) ~[spring-beans-7.0.6.jar:7.0.6]
	at org.springframework.beans.factory.support.DefaultListableBeanFactory.instantiateSingleton(DefaultListableBeanFactory.java:1218) ~[spring-beans-7.0.6.jar:7.0.6]
	at org.springframework.beans.factory.support.DefaultListableBeanFactory.preInstantiateSingleton(DefaultListableBeanFactory.java:1184) ~[spring-beans-7.0.6.jar:7.0.6]
	at org.springframework.beans.factory.support.DefaultListableBeanFactory.preInstantiateSingletons(DefaultListableBeanFactory.java:1121) ~[spring-beans-7.0.6.jar:7.0.6]
	at org.springframework.context.support.AbstractApplicationContext.finishBeanFactoryInitialization(AbstractApplicationContext.java:994) ~[spring-context-7.0.6.jar:7.0.6]
	at org.springframework.context.support.AbstractApplicationContext.refresh(AbstractApplicationContext.java:621) ~[spring-context-7.0.6.jar:7.0.6]
	at org.springframework.boot.web.server.servlet.context.ServletWebServerApplicationContext.refresh(ServletWebServerApplicationContext.java:143) ~[spring-boot-web-server-4.0.4.jar:4.0.4]
	at org.springframework.boot.SpringApplication.refresh(SpringApplication.java:756) ~[spring-boot-4.0.4.jar:4.0.4]
	at org.springframework.boot.SpringApplication.refreshContext(SpringApplication.java:445) ~[spring-boot-4.0.4.jar:4.0.4]
	at org.springframework.boot.SpringApplication.run(SpringApplication.java:321) ~[spring-boot-4.0.4.jar:4.0.4]
	at org.springframework.boot.SpringApplication.run(SpringApplication.java:1365) ~[spring-boot-4.0.4.jar:4.0.4]
	at org.springframework.boot.SpringApplication.run(SpringApplication.java:1354) ~[spring-boot-4.0.4.jar:4.0.4]
	at com.example.demo.DemoApplication.main(DemoApplication.java:10) ~[classes/:na]
Caused by: org.springframework.jdbc.datasource.init.ScriptStatementFailedException: Failed to execute SQL script statement #4 of file [F:\Universidad\Docencia ICESI\Computación en Internet 2\2026 01\parcial-jpa-avion\target\classes\data.sql]: INSERT INTO flights (id, flight_number, departure_date, arrival_date, estimated_passengers, airplane_id, origin_airport_id, destination_airport_id) VALUES (1, 'AN101', '2026-03-01 07:00:00', '2026-03-01 13:00:00', 168, 1, 1, 2), (2, 'AN202', '2026-03-01 15:30:00', '2026-03-01 21:10:00', 160, 2, 2, 1), (3, 'PW303', '2026-03-10 09:10:00', '2026-03-10 15:20:00', 240, 3, 3, 1), (4, 'PW404', '2026-03-15 08:30:00', '2026-03-15 20:00:00', 250, 3, 1, 4), (5, 'AN505', '2026-03-18 06:40:00', '2026-03-18 11:10:00', 158, 1, 1, 3), (6, 'AN606', '2026-03-20 19:00:00', '2026-03-21 01:30:00', 172, 2, 4, 1), INSERT INTO tickets (id, passenger_full_name, booking_code, purchase_date, origin_airport_id, destination_airport_id) VALUES (1, 'Laura Gomez', 'TG001', '2026-02-20 11:00:00', 1, 4), (2, 'Carlos Ruiz', 'TG002', '2026-02-22 16:20:00', 3, 1), (3, 'Ana Torres', 'TG003', '2026-02-25 09:45:00', 2, 3)
	at org.springframework.jdbc.datasource.init.ScriptUtils.executeSqlScript(ScriptUtils.java:293) ~[spring-jdbc-7.0.6.jar:7.0.6]
	at org.springframework.jdbc.datasource.init.ResourceDatabasePopulator.populate(ResourceDatabasePopulator.java:254) ~[spring-jdbc-7.0.6.jar:7.0.6]
	at org.springframework.jdbc.datasource.init.DatabasePopulatorUtils.execute(DatabasePopulatorUtils.java:54) ~[spring-jdbc-7.0.6.jar:7.0.6]
	at org.springframework.boot.jdbc.init.DataSourceScriptDatabaseInitializer.runScripts(DataSourceScriptDatabaseInitializer.java:87) ~[spring-boot-jdbc-4.0.4.jar:4.0.4]
	at org.springframework.boot.sql.init.AbstractScriptDatabaseInitializer.runScripts(AbstractScriptDatabaseInitializer.java:159) ~[spring-boot-sql-4.0.4.jar:4.0.4]
	at org.springframework.boot.sql.init.AbstractScriptDatabaseInitializer.applyScripts(AbstractScriptDatabaseInitializer.java:120) ~[spring-boot-sql-4.0.4.jar:4.0.4]
	at org.springframework.boot.sql.init.AbstractScriptDatabaseInitializer.applyDataScripts(AbstractScriptDatabaseInitializer.java:113) ~[spring-boot-sql-4.0.4.jar:4.0.4]
	at org.springframework.boot.sql.init.AbstractScriptDatabaseInitializer.initializeDatabase(AbstractScriptDatabaseInitializer.java:88) ~[spring-boot-sql-4.0.4.jar:4.0.4]
	at org.springframework.boot.sql.init.AbstractScriptDatabaseInitializer.afterPropertiesSet(AbstractScriptDatabaseInitializer.java:77) ~[spring-boot-sql-4.0.4.jar:4.0.4]
	at org.springframework.beans.factory.support.AbstractAutowireCapableBeanFactory.invokeInitMethods(AbstractAutowireCapableBeanFactory.java:1864) ~[spring-beans-7.0.6.jar:7.0.6]
	at org.springframework.beans.factory.support.AbstractAutowireCapableBeanFactory.initializeBean(AbstractAutowireCapableBeanFactory.java:1813) ~[spring-beans-7.0.6.jar:7.0.6]
	... 18 common frames omitted
Caused by: org.h2.jdbc.JdbcSQLSyntaxErrorException: Error de Sintaxis en sentencia SQL "INSERT INTO flights (id, flight_number, departure_date, arrival_date, estimated_passengers, airplane_id, origin_airport_id, destination_airport_id) VALUES (1, 'AN101', '2026-03-01 07:00:00', '2026-03-01 13:00:00', 168, 1, 1, 2), (2, 'AN202', '2026-03-01 15:30:00', '2026-03-01 21:10:00', 160, 2, 2, 1), (3, 'PW303', '2026-03-10 09:10:00', '2026-03-10 15:20:00', 240, 3, 3, 1), (4, 'PW404', '2026-03-15 08:30:00', '2026-03-15 20:00:00', 250, 3, 1, 4), (5, 'AN505', '2026-03-18 06:40:00', '2026-03-18 11:10:00', 158, 1, 1, 3), (6, 'AN606', '2026-03-20 19:00:00', '2026-03-21 01:30:00', 172, 2, 4, 1), INSERT [*]INTO tickets (id, passenger_full_name, booking_code, purchase_date, origin_airport_id, destination_airport_id) VALUES (1, 'Laura Gomez', 'TG001', '2026-02-20 11:00:00', 1, 4), (2, 'Carlos Ruiz', 'TG002', '2026-02-22 16:20:00', 3, 1), (3, 'Ana Torres', 'TG003', '2026-02-25 09:45:00', 2, 3)"
Syntax error in SQL statement "INSERT INTO flights (id, flight_number, departure_date, arrival_date, estimated_passengers, airplane_id, origin_airport_id, destination_airport_id) VALUES (1, 'AN101', '2026-03-01 07:00:00', '2026-03-01 13:00:00', 168, 1, 1, 2), (2, 'AN202', '2026-03-01 15:30:00', '2026-03-01 21:10:00', 160, 2, 2, 1), (3, 'PW303', '2026-03-10 09:10:00', '2026-03-10 15:20:00', 240, 3, 3, 1), (4, 'PW404', '2026-03-15 08:30:00', '2026-03-15 20:00:00', 250, 3, 1, 4), (5, 'AN505', '2026-03-18 06:40:00', '2026-03-18 11:10:00', 158, 1, 1, 3), (6, 'AN606', '2026-03-20 19:00:00', '2026-03-21 01:30:00', 172, 2, 4, 1), INSERT [*]INTO tickets (id, passenger_full_name, booking_code, purchase_date, origin_airport_id, destination_airport_id) VALUES (1, 'Laura Gomez', 'TG001', '2026-02-20 11:00:00', 1, 4), (2, 'Carlos Ruiz', 'TG002', '2026-02-22 16:20:00', 3, 1), (3, 'Ana Torres', 'TG003', '2026-02-25 09:45:00', 2, 3)"; SQL statement:
INSERT INTO flights (id, flight_number, departure_date, arrival_date, estimated_passengers, airplane_id, origin_airport_id, destination_airport_id) VALUES (1, 'AN101', '2026-03-01 07:00:00', '2026-03-01 13:00:00', 168, 1, 1, 2), (2, 'AN202', '2026-03-01 15:30:00', '2026-03-01 21:10:00', 160, 2, 2, 1), (3, 'PW303', '2026-03-10 09:10:00', '2026-03-10 15:20:00', 240, 3, 3, 1), (4, 'PW404', '2026-03-15 08:30:00', '2026-03-15 20:00:00', 250, 3, 1, 4), (5, 'AN505', '2026-03-18 06:40:00', '2026-03-18 11:10:00', 158, 1, 1, 3), (6, 'AN606', '2026-03-20 19:00:00', '2026-03-21 01:30:00', 172, 2, 4, 1), INSERT INTO tickets (id, passenger_full_name, booking_code, purchase_date, origin_airport_id, destination_airport_id) VALUES (1, 'Laura Gomez', 'TG001', '2026-02-20 11:00:00', 1, 4), (2, 'Carlos Ruiz', 'TG002', '2026-02-22 16:20:00', 3, 1), (3, 'Ana Torres', 'TG003', '2026-02-25 09:45:00', 2, 3) [42000-240]
	at org.h2.message.DbException.getJdbcSQLException(DbException.java:514) ~[h2-2.4.240.jar:2.4.240]
	at org.h2.message.DbException.getJdbcSQLException(DbException.java:489) ~[h2-2.4.240.jar:2.4.240]
	at org.h2.message.DbException.get(DbException.java:223) ~[h2-2.4.240.jar:2.4.240]
	at org.h2.message.DbException.get(DbException.java:199) ~[h2-2.4.240.jar:2.4.240]
	at org.h2.message.DbException.getSyntaxError(DbException.java:247) ~[h2-2.4.240.jar:2.4.240]
	at org.h2.command.ParserBase.getSyntaxError(ParserBase.java:760) ~[h2-2.4.240.jar:2.4.240]
	at org.h2.command.Parser.prepareCommand(Parser.java:490) ~[h2-2.4.240.jar:2.4.240]
	at org.h2.engine.SessionLocal.prepareLocal(SessionLocal.java:647) ~[h2-2.4.240.jar:2.4.240]
	at org.h2.engine.SessionLocal.prepareCommand(SessionLocal.java:563) ~[h2-2.4.240.jar:2.4.240]
	at org.h2.jdbc.JdbcConnection.prepareCommand(JdbcConnection.java:1160) ~[h2-2.4.240.jar:2.4.240]
	at org.h2.jdbc.JdbcStatement.executeInternal(JdbcStatement.java:245) ~[h2-2.4.240.jar:2.4.240]
	at org.h2.jdbc.JdbcStatement.execute(JdbcStatement.java:231) ~[h2-2.4.240.jar:2.4.240]
	at com.zaxxer.hikari.pool.ProxyStatement.execute(ProxyStatement.java:95) ~[HikariCP-7.0.2.jar:na]
	at com.zaxxer.hikari.pool.HikariProxyStatement.execute(HikariProxyStatement.java) ~[HikariCP-7.0.2.jar:na]
	at org.springframework.jdbc.datasource.init.ScriptUtils.executeSqlScript(ScriptUtils.java:261) ~[spring-jdbc-7.0.6.jar:7.0.6]
	... 28 common frames omitted

2026-03-21 12:51:26.962  INFO 11048 --- [demo] [main] com.example.demo.DemoApplication         : Starting DemoApplication using Java 17.0.11 with PID 11048 (F:\Universidad\Docencia ICESI\Computación en Internet 2\2026 01\parcial-jpa-avion\target\classes started by Kelocoes in F:\Universidad\Docencia ICESI\Computación en Internet 2\2026 01\parcial-jpa-avion)
2026-03-21 12:51:26.965  INFO 11048 --- [demo] [main] com.example.demo.DemoApplication         : No active profile set, falling back to 1 default profile: "default"
2026-03-21 12:51:27.344  INFO 11048 --- [demo] [main] .s.d.r.c.RepositoryConfigurationDelegate : Bootstrapping Spring Data JPA repositories in DEFAULT mode.
2026-03-21 12:51:27.390  INFO 11048 --- [demo] [main] .s.d.r.c.RepositoryConfigurationDelegate : Finished Spring Data repository scanning in 40 ms. Found 6 JPA repository interfaces.
2026-03-21 12:51:27.712  INFO 11048 --- [demo] [main] o.s.boot.tomcat.TomcatWebServer          : Tomcat initialized with port 8081 (http)
2026-03-21 12:51:27.722  INFO 11048 --- [demo] [main] o.apache.catalina.core.StandardService   : Starting service [Tomcat]
2026-03-21 12:51:27.722  INFO 11048 --- [demo] [main] o.apache.catalina.core.StandardEngine    : Starting Servlet engine: [Apache Tomcat/11.0.18]
2026-03-21 12:51:27.775  INFO 11048 --- [demo] [main] b.w.c.s.WebApplicationContextInitializer : Root WebApplicationContext: initialization completed in 778 ms
2026-03-21 12:51:27.893  INFO 11048 --- [demo] [main] org.hibernate.orm.jpa                    : HHH008540: Processing PersistenceUnitInfo [name: default]
2026-03-21 12:51:27.932  INFO 11048 --- [demo] [main] org.hibernate.orm.core                   : HHH000001: Hibernate ORM core version 7.2.7.Final
2026-03-21 12:51:28.247  INFO 11048 --- [demo] [main] o.s.o.j.p.SpringPersistenceUnitInfo      : No LoadTimeWeaver setup: ignoring JPA class transformer
2026-03-21 12:51:28.274  INFO 11048 --- [demo] [main] com.zaxxer.hikari.HikariDataSource       : HikariPool-1 - Starting...
2026-03-21 12:51:28.400  INFO 11048 --- [demo] [main] com.zaxxer.hikari.pool.HikariPool        : HikariPool-1 - Added connection conn0: url=jdbc:h2:mem:db-test user=POSTGRES
2026-03-21 12:51:28.401  INFO 11048 --- [demo] [main] com.zaxxer.hikari.HikariDataSource       : HikariPool-1 - Start completed.
2026-03-21 12:51:28.444  INFO 11048 --- [demo] [main] org.hibernate.orm.connections.pooling    : HHH10001005: Database info:
	Database JDBC URL [jdbc:h2:mem:db-test]
	Database driver: H2 JDBC Driver
	Database dialect: H2Dialect
	Database version: 2.4.240
	Default catalog/schema: DB-TEST/PUBLIC
	Autocommit mode: undefined/unknown
	Isolation level: READ_COMMITTED [default READ_COMMITTED]
	JDBC fetch size: 100
	Pool: DataSourceConnectionProvider
	Minimum pool size: undefined/unknown
	Maximum pool size: undefined/unknown
2026-03-21 12:51:29.104  INFO 11048 --- [demo] [main] org.hibernate.orm.core                   : HHH000489: No JTA platform available (set 'hibernate.transaction.jta.platform' to enable JTA platform integration)
2026-03-21 12:51:29.152  INFO 11048 --- [demo] [main] j.LocalContainerEntityManagerFactoryBean : Initialized JPA EntityManagerFactory for persistence unit 'default'
2026-03-21 12:51:29.203  INFO 11048 --- [demo] [main] o.s.d.j.r.query.QueryEnhancerFactories   : Hibernate is in classpath; If applicable, HQL parser will be used.
2026-03-21 12:51:29.371  WARN 11048 --- [demo] [main] JpaBaseConfiguration$JpaWebConfiguration : spring.jpa.open-in-view is enabled by default. Therefore, database queries may be performed during view rendering. Explicitly configure spring.jpa.open-in-view to disable this warning
2026-03-21 12:51:29.543  INFO 11048 --- [demo] [main] o.s.b.h.a.H2ConsoleAutoConfiguration     : H2 console available at '/h2-console'. Database available at 'jdbc:h2:mem:db-test'
2026-03-21 12:51:29.557  WARN 11048 --- [demo] [main] ConfigServletWebServerApplicationContext : Exception encountered during context initialization - cancelling refresh attempt: org.springframework.beans.factory.BeanCreationException: Error creating bean with name 'dataSourceScriptDatabaseInitializer' defined in class path resource [org/springframework/boot/jdbc/autoconfigure/DataSourceInitializationAutoConfiguration.class]: Failed to execute SQL script statement #4 of file [F:\Universidad\Docencia ICESI\Computación en Internet 2\2026 01\parcial-jpa-avion\target\classes\data.sql]: INSERT INTO flights (id, flight_number, departure_date, arrival_date, estimated_passengers, airplane_id, origin_airport_id, destination_airport_id) VALUES (1, 'AN101', '2026-03-01 07:00:00', '2026-03-01 13:00:00', 168, 1, 1, 2), (2, 'AN202', '2026-03-01 15:30:00', '2026-03-01 21:10:00', 160, 2, 2, 1), (3, 'PW303', '2026-03-10 09:10:00', '2026-03-10 15:20:00', 240, 3, 3, 1), (4, 'PW404', '2026-03-15 08:30:00', '2026-03-15 20:00:00', 250, 3, 1, 4), (5, 'AN505', '2026-03-18 06:40:00', '2026-03-18 11:10:00', 158, 1, 1, 3), (6, 'AN606', '2026-03-20 19:00:00', '2026-03-21 01:30:00', 172, 2, 4, 1), INSERT INTO tickets (id, passenger_full_name, booking_code, purchase_date, origin_airport_id, destination_airport_id) VALUES (1, 'Laura Gomez', 'TG001', '2026-02-20 11:00:00', 1, 4), (2, 'Carlos Ruiz', 'TG002', '2026-02-22 16:20:00', 3, 1), (3, 'Ana Torres', 'TG003', '2026-02-25 09:45:00', 2, 3)
2026-03-21 12:51:29.558  INFO 11048 --- [demo] [main] j.LocalContainerEntityManagerFactoryBean : Closing JPA EntityManagerFactory for persistence unit 'default'
2026-03-21 12:51:29.564  INFO 11048 --- [demo] [main] com.zaxxer.hikari.HikariDataSource       : HikariPool-1 - Shutdown initiated...
2026-03-21 12:51:29.565  INFO 11048 --- [demo] [main] com.zaxxer.hikari.HikariDataSource       : HikariPool-1 - Shutdown completed.
2026-03-21 12:51:29.567  INFO 11048 --- [demo] [main] o.apache.catalina.core.StandardService   : Stopping service [Tomcat]
2026-03-21 12:51:29.573  INFO 11048 --- [demo] [main] .s.b.a.l.ConditionEvaluationReportLogger : 

Error starting ApplicationContext. To display the condition evaluation report re-run your application with 'debug' enabled.
2026-03-21 12:51:29.583 ERROR 11048 --- [demo] [main] o.s.boot.SpringApplication               : Application run failed

org.springframework.beans.factory.BeanCreationException: Error creating bean with name 'dataSourceScriptDatabaseInitializer' defined in class path resource [org/springframework/boot/jdbc/autoconfigure/DataSourceInitializationAutoConfiguration.class]: Failed to execute SQL script statement #4 of file [F:\Universidad\Docencia ICESI\Computación en Internet 2\2026 01\parcial-jpa-avion\target\classes\data.sql]: INSERT INTO flights (id, flight_number, departure_date, arrival_date, estimated_passengers, airplane_id, origin_airport_id, destination_airport_id) VALUES (1, 'AN101', '2026-03-01 07:00:00', '2026-03-01 13:00:00', 168, 1, 1, 2), (2, 'AN202', '2026-03-01 15:30:00', '2026-03-01 21:10:00', 160, 2, 2, 1), (3, 'PW303', '2026-03-10 09:10:00', '2026-03-10 15:20:00', 240, 3, 3, 1), (4, 'PW404', '2026-03-15 08:30:00', '2026-03-15 20:00:00', 250, 3, 1, 4), (5, 'AN505', '2026-03-18 06:40:00', '2026-03-18 11:10:00', 158, 1, 1, 3), (6, 'AN606', '2026-03-20 19:00:00', '2026-03-21 01:30:00', 172, 2, 4, 1), INSERT INTO tickets (id, passenger_full_name, booking_code, purchase_date, origin_airport_id, destination_airport_id) VALUES (1, 'Laura Gomez', 'TG001', '2026-02-20 11:00:00', 1, 4), (2, 'Carlos Ruiz', 'TG002', '2026-02-22 16:20:00', 3, 1), (3, 'Ana Torres', 'TG003', '2026-02-25 09:45:00', 2, 3)
	at org.springframework.beans.factory.support.AbstractAutowireCapableBeanFactory.initializeBean(AbstractAutowireCapableBeanFactory.java:1817) ~[spring-beans-7.0.6.jar:7.0.6]
	at org.springframework.beans.factory.support.AbstractAutowireCapableBeanFactory.doCreateBean(AbstractAutowireCapableBeanFactory.java:603) ~[spring-beans-7.0.6.jar:7.0.6]
	at org.springframework.beans.factory.support.AbstractAutowireCapableBeanFactory.createBean(AbstractAutowireCapableBeanFactory.java:525) ~[spring-beans-7.0.6.jar:7.0.6]
	at org.springframework.beans.factory.support.AbstractBeanFactory.lambda$doGetBean$0(AbstractBeanFactory.java:333) ~[spring-beans-7.0.6.jar:7.0.6]
	at org.springframework.beans.factory.support.DefaultSingletonBeanRegistry.getSingleton(DefaultSingletonBeanRegistry.java:371) ~[spring-beans-7.0.6.jar:7.0.6]
	at org.springframework.beans.factory.support.AbstractBeanFactory.doGetBean(AbstractBeanFactory.java:331) ~[spring-beans-7.0.6.jar:7.0.6]
	at org.springframework.beans.factory.support.AbstractBeanFactory.getBean(AbstractBeanFactory.java:196) ~[spring-beans-7.0.6.jar:7.0.6]
	at org.springframework.beans.factory.support.DefaultListableBeanFactory.instantiateSingleton(DefaultListableBeanFactory.java:1218) ~[spring-beans-7.0.6.jar:7.0.6]
	at org.springframework.beans.factory.support.DefaultListableBeanFactory.preInstantiateSingleton(DefaultListableBeanFactory.java:1184) ~[spring-beans-7.0.6.jar:7.0.6]
	at org.springframework.beans.factory.support.DefaultListableBeanFactory.preInstantiateSingletons(DefaultListableBeanFactory.java:1121) ~[spring-beans-7.0.6.jar:7.0.6]
	at org.springframework.context.support.AbstractApplicationContext.finishBeanFactoryInitialization(AbstractApplicationContext.java:994) ~[spring-context-7.0.6.jar:7.0.6]
	at org.springframework.context.support.AbstractApplicationContext.refresh(AbstractApplicationContext.java:621) ~[spring-context-7.0.6.jar:7.0.6]
	at org.springframework.boot.web.server.servlet.context.ServletWebServerApplicationContext.refresh(ServletWebServerApplicationContext.java:143) ~[spring-boot-web-server-4.0.4.jar:4.0.4]
	at org.springframework.boot.SpringApplication.refresh(SpringApplication.java:756) ~[spring-boot-4.0.4.jar:4.0.4]
	at org.springframework.boot.SpringApplication.refreshContext(SpringApplication.java:445) ~[spring-boot-4.0.4.jar:4.0.4]
	at org.springframework.boot.SpringApplication.run(SpringApplication.java:321) ~[spring-boot-4.0.4.jar:4.0.4]
	at org.springframework.boot.SpringApplication.run(SpringApplication.java:1365) ~[spring-boot-4.0.4.jar:4.0.4]
	at org.springframework.boot.SpringApplication.run(SpringApplication.java:1354) ~[spring-boot-4.0.4.jar:4.0.4]
	at com.example.demo.DemoApplication.main(DemoApplication.java:10) ~[classes/:na]
Caused by: org.springframework.jdbc.datasource.init.ScriptStatementFailedException: Failed to execute SQL script statement #4 of file [F:\Universidad\Docencia ICESI\Computación en Internet 2\2026 01\parcial-jpa-avion\target\classes\data.sql]: INSERT INTO flights (id, flight_number, departure_date, arrival_date, estimated_passengers, airplane_id, origin_airport_id, destination_airport_id) VALUES (1, 'AN101', '2026-03-01 07:00:00', '2026-03-01 13:00:00', 168, 1, 1, 2), (2, 'AN202', '2026-03-01 15:30:00', '2026-03-01 21:10:00', 160, 2, 2, 1), (3, 'PW303', '2026-03-10 09:10:00', '2026-03-10 15:20:00', 240, 3, 3, 1), (4, 'PW404', '2026-03-15 08:30:00', '2026-03-15 20:00:00', 250, 3, 1, 4), (5, 'AN505', '2026-03-18 06:40:00', '2026-03-18 11:10:00', 158, 1, 1, 3), (6, 'AN606', '2026-03-20 19:00:00', '2026-03-21 01:30:00', 172, 2, 4, 1), INSERT INTO tickets (id, passenger_full_name, booking_code, purchase_date, origin_airport_id, destination_airport_id) VALUES (1, 'Laura Gomez', 'TG001', '2026-02-20 11:00:00', 1, 4), (2, 'Carlos Ruiz', 'TG002', '2026-02-22 16:20:00', 3, 1), (3, 'Ana Torres', 'TG003', '2026-02-25 09:45:00', 2, 3)
	at org.springframework.jdbc.datasource.init.ScriptUtils.executeSqlScript(ScriptUtils.java:293) ~[spring-jdbc-7.0.6.jar:7.0.6]
	at org.springframework.jdbc.datasource.init.ResourceDatabasePopulator.populate(ResourceDatabasePopulator.java:254) ~[spring-jdbc-7.0.6.jar:7.0.6]
	at org.springframework.jdbc.datasource.init.DatabasePopulatorUtils.execute(DatabasePopulatorUtils.java:54) ~[spring-jdbc-7.0.6.jar:7.0.6]
	at org.springframework.boot.jdbc.init.DataSourceScriptDatabaseInitializer.runScripts(DataSourceScriptDatabaseInitializer.java:87) ~[spring-boot-jdbc-4.0.4.jar:4.0.4]
	at org.springframework.boot.sql.init.AbstractScriptDatabaseInitializer.runScripts(AbstractScriptDatabaseInitializer.java:159) ~[spring-boot-sql-4.0.4.jar:4.0.4]
	at org.springframework.boot.sql.init.AbstractScriptDatabaseInitializer.applyScripts(AbstractScriptDatabaseInitializer.java:120) ~[spring-boot-sql-4.0.4.jar:4.0.4]
	at org.springframework.boot.sql.init.AbstractScriptDatabaseInitializer.applyDataScripts(AbstractScriptDatabaseInitializer.java:113) ~[spring-boot-sql-4.0.4.jar:4.0.4]
	at org.springframework.boot.sql.init.AbstractScriptDatabaseInitializer.initializeDatabase(AbstractScriptDatabaseInitializer.java:88) ~[spring-boot-sql-4.0.4.jar:4.0.4]
	at org.springframework.boot.sql.init.AbstractScriptDatabaseInitializer.afterPropertiesSet(AbstractScriptDatabaseInitializer.java:77) ~[spring-boot-sql-4.0.4.jar:4.0.4]
	at org.springframework.beans.factory.support.AbstractAutowireCapableBeanFactory.invokeInitMethods(AbstractAutowireCapableBeanFactory.java:1864) ~[spring-beans-7.0.6.jar:7.0.6]
	at org.springframework.beans.factory.support.AbstractAutowireCapableBeanFactory.initializeBean(AbstractAutowireCapableBeanFactory.java:1813) ~[spring-beans-7.0.6.jar:7.0.6]
	... 18 common frames omitted
Caused by: org.h2.jdbc.JdbcSQLSyntaxErrorException: Error de Sintaxis en sentencia SQL "INSERT INTO flights (id, flight_number, departure_date, arrival_date, estimated_passengers, airplane_id, origin_airport_id, destination_airport_id) VALUES (1, 'AN101', '2026-03-01 07:00:00', '2026-03-01 13:00:00', 168, 1, 1, 2), (2, 'AN202', '2026-03-01 15:30:00', '2026-03-01 21:10:00', 160, 2, 2, 1), (3, 'PW303', '2026-03-10 09:10:00', '2026-03-10 15:20:00', 240, 3, 3, 1), (4, 'PW404', '2026-03-15 08:30:00', '2026-03-15 20:00:00', 250, 3, 1, 4), (5, 'AN505', '2026-03-18 06:40:00', '2026-03-18 11:10:00', 158, 1, 1, 3), (6, 'AN606', '2026-03-20 19:00:00', '2026-03-21 01:30:00', 172, 2, 4, 1), INSERT [*]INTO tickets (id, passenger_full_name, booking_code, purchase_date, origin_airport_id, destination_airport_id) VALUES (1, 'Laura Gomez', 'TG001', '2026-02-20 11:00:00', 1, 4), (2, 'Carlos Ruiz', 'TG002', '2026-02-22 16:20:00', 3, 1), (3, 'Ana Torres', 'TG003', '2026-02-25 09:45:00', 2, 3)"
Syntax error in SQL statement "INSERT INTO flights (id, flight_number, departure_date, arrival_date, estimated_passengers, airplane_id, origin_airport_id, destination_airport_id) VALUES (1, 'AN101', '2026-03-01 07:00:00', '2026-03-01 13:00:00', 168, 1, 1, 2), (2, 'AN202', '2026-03-01 15:30:00', '2026-03-01 21:10:00', 160, 2, 2, 1), (3, 'PW303', '2026-03-10 09:10:00', '2026-03-10 15:20:00', 240, 3, 3, 1), (4, 'PW404', '2026-03-15 08:30:00', '2026-03-15 20:00:00', 250, 3, 1, 4), (5, 'AN505', '2026-03-18 06:40:00', '2026-03-18 11:10:00', 158, 1, 1, 3), (6, 'AN606', '2026-03-20 19:00:00', '2026-03-21 01:30:00', 172, 2, 4, 1), INSERT [*]INTO tickets (id, passenger_full_name, booking_code, purchase_date, origin_airport_id, destination_airport_id) VALUES (1, 'Laura Gomez', 'TG001', '2026-02-20 11:00:00', 1, 4), (2, 'Carlos Ruiz', 'TG002', '2026-02-22 16:20:00', 3, 1), (3, 'Ana Torres', 'TG003', '2026-02-25 09:45:00', 2, 3)"; SQL statement:
INSERT INTO flights (id, flight_number, departure_date, arrival_date, estimated_passengers, airplane_id, origin_airport_id, destination_airport_id) VALUES (1, 'AN101', '2026-03-01 07:00:00', '2026-03-01 13:00:00', 168, 1, 1, 2), (2, 'AN202', '2026-03-01 15:30:00', '2026-03-01 21:10:00', 160, 2, 2, 1), (3, 'PW303', '2026-03-10 09:10:00', '2026-03-10 15:20:00', 240, 3, 3, 1), (4, 'PW404', '2026-03-15 08:30:00', '2026-03-15 20:00:00', 250, 3, 1, 4), (5, 'AN505', '2026-03-18 06:40:00', '2026-03-18 11:10:00', 158, 1, 1, 3), (6, 'AN606', '2026-03-20 19:00:00', '2026-03-21 01:30:00', 172, 2, 4, 1), INSERT INTO tickets (id, passenger_full_name, booking_code, purchase_date, origin_airport_id, destination_airport_id) VALUES (1, 'Laura Gomez', 'TG001', '2026-02-20 11:00:00', 1, 4), (2, 'Carlos Ruiz', 'TG002', '2026-02-22 16:20:00', 3, 1), (3, 'Ana Torres', 'TG003', '2026-02-25 09:45:00', 2, 3) [42000-240]
	at org.h2.message.DbException.getJdbcSQLException(DbException.java:514) ~[h2-2.4.240.jar:2.4.240]
	at org.h2.message.DbException.getJdbcSQLException(DbException.java:489) ~[h2-2.4.240.jar:2.4.240]
	at org.h2.message.DbException.get(DbException.java:223) ~[h2-2.4.240.jar:2.4.240]
	at org.h2.message.DbException.get(DbException.java:199) ~[h2-2.4.240.jar:2.4.240]
	at org.h2.message.DbException.getSyntaxError(DbException.java:247) ~[h2-2.4.240.jar:2.4.240]
	at org.h2.command.ParserBase.getSyntaxError(ParserBase.java:760) ~[h2-2.4.240.jar:2.4.240]
	at org.h2.command.Parser.prepareCommand(Parser.java:490) ~[h2-2.4.240.jar:2.4.240]
	at org.h2.engine.SessionLocal.prepareLocal(SessionLocal.java:647) ~[h2-2.4.240.jar:2.4.240]
	at org.h2.engine.SessionLocal.prepareCommand(SessionLocal.java:563) ~[h2-2.4.240.jar:2.4.240]
	at org.h2.jdbc.JdbcConnection.prepareCommand(JdbcConnection.java:1160) ~[h2-2.4.240.jar:2.4.240]
	at org.h2.jdbc.JdbcStatement.executeInternal(JdbcStatement.java:245) ~[h2-2.4.240.jar:2.4.240]
	at org.h2.jdbc.JdbcStatement.execute(JdbcStatement.java:231) ~[h2-2.4.240.jar:2.4.240]
	at com.zaxxer.hikari.pool.ProxyStatement.execute(ProxyStatement.java:95) ~[HikariCP-7.0.2.jar:na]
	at com.zaxxer.hikari.pool.HikariProxyStatement.execute(HikariProxyStatement.java) ~[HikariCP-7.0.2.jar:na]
	at org.springframework.jdbc.datasource.init.ScriptUtils.executeSqlScript(ScriptUtils.java:261) ~[spring-jdbc-7.0.6.jar:7.0.6]
	... 28 common frames omitted

2026-03-21 12:51:46.950  INFO 15536 --- [demo] [main] com.example.demo.DemoApplication         : Starting DemoApplication using Java 17.0.11 with PID 15536 (F:\Universidad\Docencia ICESI\Computación en Internet 2\2026 01\parcial-jpa-avion\target\classes started by Kelocoes in F:\Universidad\Docencia ICESI\Computación en Internet 2\2026 01\parcial-jpa-avion)
2026-03-21 12:51:46.952  INFO 15536 --- [demo] [main] com.example.demo.DemoApplication         : No active profile set, falling back to 1 default profile: "default"
2026-03-21 12:51:47.325  INFO 15536 --- [demo] [main] .s.d.r.c.RepositoryConfigurationDelegate : Bootstrapping Spring Data JPA repositories in DEFAULT mode.
2026-03-21 12:51:47.374  INFO 15536 --- [demo] [main] .s.d.r.c.RepositoryConfigurationDelegate : Finished Spring Data repository scanning in 41 ms. Found 6 JPA repository interfaces.
2026-03-21 12:51:47.699  INFO 15536 --- [demo] [main] o.s.boot.tomcat.TomcatWebServer          : Tomcat initialized with port 8081 (http)
2026-03-21 12:51:47.708  INFO 15536 --- [demo] [main] o.apache.catalina.core.StandardService   : Starting service [Tomcat]
2026-03-21 12:51:47.709  INFO 15536 --- [demo] [main] o.apache.catalina.core.StandardEngine    : Starting Servlet engine: [Apache Tomcat/11.0.18]
2026-03-21 12:51:47.778  INFO 15536 --- [demo] [main] b.w.c.s.WebApplicationContextInitializer : Root WebApplicationContext: initialization completed in 792 ms
2026-03-21 12:51:47.891  INFO 15536 --- [demo] [main] org.hibernate.orm.jpa                    : HHH008540: Processing PersistenceUnitInfo [name: default]
2026-03-21 12:51:47.934  INFO 15536 --- [demo] [main] org.hibernate.orm.core                   : HHH000001: Hibernate ORM core version 7.2.7.Final
2026-03-21 12:51:48.254  INFO 15536 --- [demo] [main] o.s.o.j.p.SpringPersistenceUnitInfo      : No LoadTimeWeaver setup: ignoring JPA class transformer
2026-03-21 12:51:48.280  INFO 15536 --- [demo] [main] com.zaxxer.hikari.HikariDataSource       : HikariPool-1 - Starting...
2026-03-21 12:51:48.404  INFO 15536 --- [demo] [main] com.zaxxer.hikari.pool.HikariPool        : HikariPool-1 - Added connection conn0: url=jdbc:h2:mem:db-test user=POSTGRES
2026-03-21 12:51:48.405  INFO 15536 --- [demo] [main] com.zaxxer.hikari.HikariDataSource       : HikariPool-1 - Start completed.
2026-03-21 12:51:48.447  INFO 15536 --- [demo] [main] org.hibernate.orm.connections.pooling    : HHH10001005: Database info:
	Database JDBC URL [jdbc:h2:mem:db-test]
	Database driver: H2 JDBC Driver
	Database dialect: H2Dialect
	Database version: 2.4.240
	Default catalog/schema: DB-TEST/PUBLIC
	Autocommit mode: undefined/unknown
	Isolation level: READ_COMMITTED [default READ_COMMITTED]
	JDBC fetch size: 100
	Pool: DataSourceConnectionProvider
	Minimum pool size: undefined/unknown
	Maximum pool size: undefined/unknown
2026-03-21 12:51:49.104  INFO 15536 --- [demo] [main] org.hibernate.orm.core                   : HHH000489: No JTA platform available (set 'hibernate.transaction.jta.platform' to enable JTA platform integration)
2026-03-21 12:51:49.151  INFO 15536 --- [demo] [main] j.LocalContainerEntityManagerFactoryBean : Initialized JPA EntityManagerFactory for persistence unit 'default'
2026-03-21 12:51:49.201  INFO 15536 --- [demo] [main] o.s.d.j.r.query.QueryEnhancerFactories   : Hibernate is in classpath; If applicable, HQL parser will be used.
2026-03-21 12:51:49.370  WARN 15536 --- [demo] [main] JpaBaseConfiguration$JpaWebConfiguration : spring.jpa.open-in-view is enabled by default. Therefore, database queries may be performed during view rendering. Explicitly configure spring.jpa.open-in-view to disable this warning
2026-03-21 12:51:49.545  INFO 15536 --- [demo] [main] o.s.b.h.a.H2ConsoleAutoConfiguration     : H2 console available at '/h2-console'. Database available at 'jdbc:h2:mem:db-test'
2026-03-21 12:51:49.601  INFO 15536 --- [demo] [main] o.s.boot.tomcat.TomcatWebServer          : Tomcat started on port 8081 (http) with context path '/compunet2-2026'
2026-03-21 12:51:49.606  INFO 15536 --- [demo] [main] com.example.demo.DemoApplication         : Started DemoApplication in 2.98 seconds (process running for 3.293)
2026-03-21 12:51:51.874  INFO 15536 --- [demo] [http-nio-8081-exec-1] o.a.c.c.C.[.[.[/compunet2-2026]          : Initializing Spring DispatcherServlet 'dispatcherServlet'
2026-03-21 12:51:51.874  INFO 15536 --- [demo] [http-nio-8081-exec-1] o.s.web.servlet.DispatcherServlet        : Initializing Servlet 'dispatcherServlet'
2026-03-21 12:51:51.876  INFO 15536 --- [demo] [http-nio-8081-exec-1] o.s.web.servlet.DispatcherServlet        : Completed initialization in 2 ms
2026-03-21 12:52:50.142  INFO 15536 --- [demo] [SpringApplicationShutdownHook] o.s.boot.tomcat.GracefulShutdown         : Commencing graceful shutdown. Waiting for active requests to complete
2026-03-21 12:52:50.229  INFO 15536 --- [demo] [tomcat-shutdown] o.s.boot.tomcat.GracefulShutdown         : Graceful shutdown complete
2026-03-21 12:52:50.231  INFO 15536 --- [demo] [SpringApplicationShutdownHook] j.LocalContainerEntityManagerFactoryBean : Closing JPA EntityManagerFactory for persistence unit 'default'
2026-03-21 12:52:50.236  INFO 15536 --- [demo] [SpringApplicationShutdownHook] com.zaxxer.hikari.HikariDataSource       : HikariPool-1 - Shutdown initiated...
2026-03-21 12:52:50.238  INFO 15536 --- [demo] [SpringApplicationShutdownHook] com.zaxxer.hikari.HikariDataSource       : HikariPool-1 - Shutdown completed.
2026-03-21 12:53:10.052  INFO 14844 --- [demo] [main] com.example.demo.DemoApplication         : Starting DemoApplication using Java 17.0.11 with PID 14844 (F:\Universidad\Docencia ICESI\Computación en Internet 2\2026 01\parcial-jpa-avion\target\classes started by Kelocoes in F:\Universidad\Docencia ICESI\Computación en Internet 2\2026 01\parcial-jpa-avion)
2026-03-21 12:53:10.055  INFO 14844 --- [demo] [main] com.example.demo.DemoApplication         : No active profile set, falling back to 1 default profile: "default"
2026-03-21 12:53:10.440  INFO 14844 --- [demo] [main] .s.d.r.c.RepositoryConfigurationDelegate : Bootstrapping Spring Data JPA repositories in DEFAULT mode.
2026-03-21 12:53:10.492  INFO 14844 --- [demo] [main] .s.d.r.c.RepositoryConfigurationDelegate : Finished Spring Data repository scanning in 45 ms. Found 6 JPA repository interfaces.
2026-03-21 12:53:10.820  INFO 14844 --- [demo] [main] o.s.boot.tomcat.TomcatWebServer          : Tomcat initialized with port 8081 (http)
2026-03-21 12:53:10.830  INFO 14844 --- [demo] [main] o.apache.catalina.core.StandardService   : Starting service [Tomcat]
2026-03-21 12:53:10.830  INFO 14844 --- [demo] [main] o.apache.catalina.core.StandardEngine    : Starting Servlet engine: [Apache Tomcat/11.0.18]
2026-03-21 12:53:10.882  INFO 14844 --- [demo] [main] b.w.c.s.WebApplicationContextInitializer : Root WebApplicationContext: initialization completed in 792 ms
2026-03-21 12:53:11.000  INFO 14844 --- [demo] [main] org.hibernate.orm.jpa                    : HHH008540: Processing PersistenceUnitInfo [name: default]
2026-03-21 12:53:11.040  INFO 14844 --- [demo] [main] org.hibernate.orm.core                   : HHH000001: Hibernate ORM core version 7.2.7.Final
2026-03-21 12:53:11.353  INFO 14844 --- [demo] [main] o.s.o.j.p.SpringPersistenceUnitInfo      : No LoadTimeWeaver setup: ignoring JPA class transformer
2026-03-21 12:53:11.380  INFO 14844 --- [demo] [main] com.zaxxer.hikari.HikariDataSource       : HikariPool-1 - Starting...
2026-03-21 12:53:11.506  INFO 14844 --- [demo] [main] com.zaxxer.hikari.pool.HikariPool        : HikariPool-1 - Added connection conn0: url=jdbc:h2:mem:db-test user=POSTGRES
2026-03-21 12:53:11.509  INFO 14844 --- [demo] [main] com.zaxxer.hikari.HikariDataSource       : HikariPool-1 - Start completed.
2026-03-21 12:53:11.553  INFO 14844 --- [demo] [main] org.hibernate.orm.connections.pooling    : HHH10001005: Database info:
	Database JDBC URL [jdbc:h2:mem:db-test]
	Database driver: H2 JDBC Driver
	Database dialect: H2Dialect
	Database version: 2.4.240
	Default catalog/schema: DB-TEST/PUBLIC
	Autocommit mode: undefined/unknown
	Isolation level: READ_COMMITTED [default READ_COMMITTED]
	JDBC fetch size: 100
	Pool: DataSourceConnectionProvider
	Minimum pool size: undefined/unknown
	Maximum pool size: undefined/unknown
2026-03-21 12:53:12.224  INFO 14844 --- [demo] [main] org.hibernate.orm.core                   : HHH000489: No JTA platform available (set 'hibernate.transaction.jta.platform' to enable JTA platform integration)
2026-03-21 12:53:12.272  INFO 14844 --- [demo] [main] j.LocalContainerEntityManagerFactoryBean : Initialized JPA EntityManagerFactory for persistence unit 'default'
2026-03-21 12:53:12.322  INFO 14844 --- [demo] [main] o.s.d.j.r.query.QueryEnhancerFactories   : Hibernate is in classpath; If applicable, HQL parser will be used.
2026-03-21 12:53:12.491  WARN 14844 --- [demo] [main] JpaBaseConfiguration$JpaWebConfiguration : spring.jpa.open-in-view is enabled by default. Therefore, database queries may be performed during view rendering. Explicitly configure spring.jpa.open-in-view to disable this warning
2026-03-21 12:53:12.671  INFO 14844 --- [demo] [main] o.s.b.h.a.H2ConsoleAutoConfiguration     : H2 console available at '/h2-console'. Database available at 'jdbc:h2:mem:db-test'
2026-03-21 12:53:12.725  INFO 14844 --- [demo] [main] o.s.boot.tomcat.TomcatWebServer          : Tomcat started on port 8081 (http) with context path '/compunet2-2026'
2026-03-21 12:53:12.730  INFO 14844 --- [demo] [main] com.example.demo.DemoApplication         : Started DemoApplication in 3.004 seconds (process running for 3.31)
2026-03-21 12:53:16.190  INFO 14844 --- [demo] [http-nio-8081-exec-1] o.a.c.c.C.[.[.[/compunet2-2026]          : Initializing Spring DispatcherServlet 'dispatcherServlet'
2026-03-21 12:53:16.191  INFO 14844 --- [demo] [http-nio-8081-exec-1] o.s.web.servlet.DispatcherServlet        : Initializing Servlet 'dispatcherServlet'
2026-03-21 12:53:16.192  INFO 14844 --- [demo] [http-nio-8081-exec-1] o.s.web.servlet.DispatcherServlet        : Completed initialization in 1 ms
2026-03-21 12:55:33.026  INFO 14844 --- [demo] [SpringApplicationShutdownHook] o.s.boot.tomcat.GracefulShutdown         : Commencing graceful shutdown. Waiting for active requests to complete
2026-03-21 12:55:33.112  INFO 14844 --- [demo] [tomcat-shutdown] o.s.boot.tomcat.GracefulShutdown         : Graceful shutdown complete
2026-03-21 12:55:33.114  INFO 14844 --- [demo] [SpringApplicationShutdownHook] j.LocalContainerEntityManagerFactoryBean : Closing JPA EntityManagerFactory for persistence unit 'default'
2026-03-21 12:55:33.118  INFO 14844 --- [demo] [SpringApplicationShutdownHook] com.zaxxer.hikari.HikariDataSource       : HikariPool-1 - Shutdown initiated...
2026-03-21 12:55:33.120  INFO 14844 --- [demo] [SpringApplicationShutdownHook] com.zaxxer.hikari.HikariDataSource       : HikariPool-1 - Shutdown completed.
2026-03-21 12:55:43.397  INFO 17932 --- [demo] [main] com.example.demo.DemoApplication         : Starting DemoApplication using Java 17.0.11 with PID 17932 (F:\Universidad\Docencia ICESI\Computación en Internet 2\2026 01\parcial-jpa-avion\target\classes started by Kelocoes in F:\Universidad\Docencia ICESI\Computación en Internet 2\2026 01\parcial-jpa-avion)
2026-03-21 12:55:43.400  INFO 17932 --- [demo] [main] com.example.demo.DemoApplication         : No active profile set, falling back to 1 default profile: "default"
2026-03-21 12:55:43.780  INFO 17932 --- [demo] [main] .s.d.r.c.RepositoryConfigurationDelegate : Bootstrapping Spring Data JPA repositories in DEFAULT mode.
2026-03-21 12:55:43.828  INFO 17932 --- [demo] [main] .s.d.r.c.RepositoryConfigurationDelegate : Finished Spring Data repository scanning in 41 ms. Found 6 JPA repository interfaces.
2026-03-21 12:55:44.155  INFO 17932 --- [demo] [main] o.s.boot.tomcat.TomcatWebServer          : Tomcat initialized with port 8081 (http)
2026-03-21 12:55:44.165  INFO 17932 --- [demo] [main] o.apache.catalina.core.StandardService   : Starting service [Tomcat]
2026-03-21 12:55:44.165  INFO 17932 --- [demo] [main] o.apache.catalina.core.StandardEngine    : Starting Servlet engine: [Apache Tomcat/11.0.18]
2026-03-21 12:55:44.217  INFO 17932 --- [demo] [main] b.w.c.s.WebApplicationContextInitializer : Root WebApplicationContext: initialization completed in 783 ms
2026-03-21 12:55:44.330  INFO 17932 --- [demo] [main] org.hibernate.orm.jpa                    : HHH008540: Processing PersistenceUnitInfo [name: default]
2026-03-21 12:55:44.373  INFO 17932 --- [demo] [main] org.hibernate.orm.core                   : HHH000001: Hibernate ORM core version 7.2.7.Final
2026-03-21 12:55:44.690  INFO 17932 --- [demo] [main] o.s.o.j.p.SpringPersistenceUnitInfo      : No LoadTimeWeaver setup: ignoring JPA class transformer
2026-03-21 12:55:44.717  INFO 17932 --- [demo] [main] com.zaxxer.hikari.HikariDataSource       : HikariPool-1 - Starting...
2026-03-21 12:55:44.848  INFO 17932 --- [demo] [main] com.zaxxer.hikari.pool.HikariPool        : HikariPool-1 - Added connection conn0: url=jdbc:h2:mem:db-test user=POSTGRES
2026-03-21 12:55:44.850  INFO 17932 --- [demo] [main] com.zaxxer.hikari.HikariDataSource       : HikariPool-1 - Start completed.
2026-03-21 12:55:44.902  INFO 17932 --- [demo] [main] org.hibernate.orm.connections.pooling    : HHH10001005: Database info:
	Database JDBC URL [jdbc:h2:mem:db-test]
	Database driver: H2 JDBC Driver
	Database dialect: H2Dialect
	Database version: 2.4.240
	Default catalog/schema: DB-TEST/PUBLIC
	Autocommit mode: undefined/unknown
	Isolation level: READ_COMMITTED [default READ_COMMITTED]
	JDBC fetch size: 100
	Pool: DataSourceConnectionProvider
	Minimum pool size: undefined/unknown
	Maximum pool size: undefined/unknown
2026-03-21 12:55:45.593  INFO 17932 --- [demo] [main] org.hibernate.orm.core                   : HHH000489: No JTA platform available (set 'hibernate.transaction.jta.platform' to enable JTA platform integration)
2026-03-21 12:55:45.639  INFO 17932 --- [demo] [main] j.LocalContainerEntityManagerFactoryBean : Initialized JPA EntityManagerFactory for persistence unit 'default'
2026-03-21 12:55:45.688  INFO 17932 --- [demo] [main] o.s.d.j.r.query.QueryEnhancerFactories   : Hibernate is in classpath; If applicable, HQL parser will be used.
2026-03-21 12:55:45.863  WARN 17932 --- [demo] [main] JpaBaseConfiguration$JpaWebConfiguration : spring.jpa.open-in-view is enabled by default. Therefore, database queries may be performed during view rendering. Explicitly configure spring.jpa.open-in-view to disable this warning
2026-03-21 12:55:46.049  INFO 17932 --- [demo] [main] o.s.b.h.a.H2ConsoleAutoConfiguration     : H2 console available at '/h2-console'. Database available at 'jdbc:h2:mem:db-test'
2026-03-21 12:55:46.108  INFO 17932 --- [demo] [main] o.s.boot.tomcat.TomcatWebServer          : Tomcat started on port 8081 (http) with context path '/compunet2-2026'
2026-03-21 12:55:46.113  INFO 17932 --- [demo] [main] com.example.demo.DemoApplication         : Started DemoApplication in 3.047 seconds (process running for 3.358)
2026-03-21 12:56:20.710  INFO 17932 --- [demo] [http-nio-8081-exec-1] o.a.c.c.C.[.[.[/compunet2-2026]          : Initializing Spring DispatcherServlet 'dispatcherServlet'
2026-03-21 12:56:20.711  INFO 17932 --- [demo] [http-nio-8081-exec-1] o.s.web.servlet.DispatcherServlet        : Initializing Servlet 'dispatcherServlet'
2026-03-21 12:56:20.712  INFO 17932 --- [demo] [http-nio-8081-exec-1] o.s.web.servlet.DispatcherServlet        : Completed initialization in 1 ms
2026-03-21 12:57:47.517  INFO 17932 --- [demo] [SpringApplicationShutdownHook] o.s.boot.tomcat.GracefulShutdown         : Commencing graceful shutdown. Waiting for active requests to complete
2026-03-21 12:57:47.602  INFO 17932 --- [demo] [tomcat-shutdown] o.s.boot.tomcat.GracefulShutdown         : Graceful shutdown complete
2026-03-21 12:57:47.605  INFO 17932 --- [demo] [SpringApplicationShutdownHook] j.LocalContainerEntityManagerFactoryBean : Closing JPA EntityManagerFactory for persistence unit 'default'
2026-03-21 12:57:47.610  INFO 17932 --- [demo] [SpringApplicationShutdownHook] com.zaxxer.hikari.HikariDataSource       : HikariPool-1 - Shutdown initiated...
2026-03-21 12:57:47.611  INFO 17932 --- [demo] [SpringApplicationShutdownHook] com.zaxxer.hikari.HikariDataSource       : HikariPool-1 - Shutdown completed.
2026-03-21 12:57:55.376  INFO 18260 --- [demo] [main] com.example.demo.DemoApplication         : Starting DemoApplication using Java 17.0.11 with PID 18260 (F:\Universidad\Docencia ICESI\Computación en Internet 2\2026 01\parcial-jpa-avion\target\classes started by Kelocoes in F:\Universidad\Docencia ICESI\Computación en Internet 2\2026 01\parcial-jpa-avion)
2026-03-21 12:57:55.381  INFO 18260 --- [demo] [main] com.example.demo.DemoApplication         : No active profile set, falling back to 1 default profile: "default"
2026-03-21 12:57:55.775  INFO 18260 --- [demo] [main] .s.d.r.c.RepositoryConfigurationDelegate : Bootstrapping Spring Data JPA repositories in DEFAULT mode.
2026-03-21 12:57:55.824  INFO 18260 --- [demo] [main] .s.d.r.c.RepositoryConfigurationDelegate : Finished Spring Data repository scanning in 42 ms. Found 6 JPA repository interfaces.
2026-03-21 12:57:56.158  INFO 18260 --- [demo] [main] o.s.boot.tomcat.TomcatWebServer          : Tomcat initialized with port 8081 (http)
2026-03-21 12:57:56.168  INFO 18260 --- [demo] [main] o.apache.catalina.core.StandardService   : Starting service [Tomcat]
2026-03-21 12:57:56.169  INFO 18260 --- [demo] [main] o.apache.catalina.core.StandardEngine    : Starting Servlet engine: [Apache Tomcat/11.0.18]
2026-03-21 12:57:56.221  INFO 18260 --- [demo] [main] b.w.c.s.WebApplicationContextInitializer : Root WebApplicationContext: initialization completed in 807 ms
2026-03-21 12:57:56.331  INFO 18260 --- [demo] [main] org.hibernate.orm.jpa                    : HHH008540: Processing PersistenceUnitInfo [name: default]
2026-03-21 12:57:56.374  INFO 18260 --- [demo] [main] org.hibernate.orm.core                   : HHH000001: Hibernate ORM core version 7.2.7.Final
2026-03-21 12:57:56.694  INFO 18260 --- [demo] [main] o.s.o.j.p.SpringPersistenceUnitInfo      : No LoadTimeWeaver setup: ignoring JPA class transformer
2026-03-21 12:57:56.720  INFO 18260 --- [demo] [main] com.zaxxer.hikari.HikariDataSource       : HikariPool-1 - Starting...
2026-03-21 12:57:56.845  INFO 18260 --- [demo] [main] com.zaxxer.hikari.pool.HikariPool        : HikariPool-1 - Added connection conn0: url=jdbc:h2:mem:db-test user=POSTGRES
2026-03-21 12:57:56.847  INFO 18260 --- [demo] [main] com.zaxxer.hikari.HikariDataSource       : HikariPool-1 - Start completed.
2026-03-21 12:57:56.892  INFO 18260 --- [demo] [main] org.hibernate.orm.connections.pooling    : HHH10001005: Database info:
	Database JDBC URL [jdbc:h2:mem:db-test]
	Database driver: H2 JDBC Driver
	Database dialect: H2Dialect
	Database version: 2.4.240
	Default catalog/schema: DB-TEST/PUBLIC
	Autocommit mode: undefined/unknown
	Isolation level: READ_COMMITTED [default READ_COMMITTED]
	JDBC fetch size: 100
	Pool: DataSourceConnectionProvider
	Minimum pool size: undefined/unknown
	Maximum pool size: undefined/unknown
2026-03-21 12:57:57.569  INFO 18260 --- [demo] [main] org.hibernate.orm.core                   : HHH000489: No JTA platform available (set 'hibernate.transaction.jta.platform' to enable JTA platform integration)
2026-03-21 12:57:57.623  INFO 18260 --- [demo] [main] j.LocalContainerEntityManagerFactoryBean : Initialized JPA EntityManagerFactory for persistence unit 'default'
2026-03-21 12:57:57.672  INFO 18260 --- [demo] [main] o.s.d.j.r.query.QueryEnhancerFactories   : Hibernate is in classpath; If applicable, HQL parser will be used.
2026-03-21 12:57:57.846  WARN 18260 --- [demo] [main] JpaBaseConfiguration$JpaWebConfiguration : spring.jpa.open-in-view is enabled by default. Therefore, database queries may be performed during view rendering. Explicitly configure spring.jpa.open-in-view to disable this warning
2026-03-21 12:57:58.028  INFO 18260 --- [demo] [main] o.s.b.h.a.H2ConsoleAutoConfiguration     : H2 console available at '/h2-console'. Database available at 'jdbc:h2:mem:db-test'
2026-03-21 12:57:58.042  WARN 18260 --- [demo] [main] ConfigServletWebServerApplicationContext : Exception encountered during context initialization - cancelling refresh attempt: org.springframework.beans.factory.BeanCreationException: Error creating bean with name 'dataSourceScriptDatabaseInitializer' defined in class path resource [org/springframework/boot/jdbc/autoconfigure/DataSourceInitializationAutoConfiguration.class]: Failed to execute SQL script statement #2 of file [F:\Universidad\Docencia ICESI\Computación en Internet 2\2026 01\parcial-jpa-avion\target\classes\data.sql]: (3, 'Global Air', 'Spain', 'GA')
2026-03-21 12:57:58.044  INFO 18260 --- [demo] [main] j.LocalContainerEntityManagerFactoryBean : Closing JPA EntityManagerFactory for persistence unit 'default'
2026-03-21 12:57:58.049  INFO 18260 --- [demo] [main] com.zaxxer.hikari.HikariDataSource       : HikariPool-1 - Shutdown initiated...
2026-03-21 12:57:58.050  INFO 18260 --- [demo] [main] com.zaxxer.hikari.HikariDataSource       : HikariPool-1 - Shutdown completed.
2026-03-21 12:57:58.053  INFO 18260 --- [demo] [main] o.apache.catalina.core.StandardService   : Stopping service [Tomcat]
2026-03-21 12:57:58.058  INFO 18260 --- [demo] [main] .s.b.a.l.ConditionEvaluationReportLogger : 

Error starting ApplicationContext. To display the condition evaluation report re-run your application with 'debug' enabled.
2026-03-21 12:57:58.068 ERROR 18260 --- [demo] [main] o.s.boot.SpringApplication               : Application run failed

org.springframework.beans.factory.BeanCreationException: Error creating bean with name 'dataSourceScriptDatabaseInitializer' defined in class path resource [org/springframework/boot/jdbc/autoconfigure/DataSourceInitializationAutoConfiguration.class]: Failed to execute SQL script statement #2 of file [F:\Universidad\Docencia ICESI\Computación en Internet 2\2026 01\parcial-jpa-avion\target\classes\data.sql]: (3, 'Global Air', 'Spain', 'GA')
	at org.springframework.beans.factory.support.AbstractAutowireCapableBeanFactory.initializeBean(AbstractAutowireCapableBeanFactory.java:1817) ~[spring-beans-7.0.6.jar:7.0.6]
	at org.springframework.beans.factory.support.AbstractAutowireCapableBeanFactory.doCreateBean(AbstractAutowireCapableBeanFactory.java:603) ~[spring-beans-7.0.6.jar:7.0.6]
	at org.springframework.beans.factory.support.AbstractAutowireCapableBeanFactory.createBean(AbstractAutowireCapableBeanFactory.java:525) ~[spring-beans-7.0.6.jar:7.0.6]
	at org.springframework.beans.factory.support.AbstractBeanFactory.lambda$doGetBean$0(AbstractBeanFactory.java:333) ~[spring-beans-7.0.6.jar:7.0.6]
	at org.springframework.beans.factory.support.DefaultSingletonBeanRegistry.getSingleton(DefaultSingletonBeanRegistry.java:371) ~[spring-beans-7.0.6.jar:7.0.6]
	at org.springframework.beans.factory.support.AbstractBeanFactory.doGetBean(AbstractBeanFactory.java:331) ~[spring-beans-7.0.6.jar:7.0.6]
	at org.springframework.beans.factory.support.AbstractBeanFactory.getBean(AbstractBeanFactory.java:196) ~[spring-beans-7.0.6.jar:7.0.6]
	at org.springframework.beans.factory.support.DefaultListableBeanFactory.instantiateSingleton(DefaultListableBeanFactory.java:1218) ~[spring-beans-7.0.6.jar:7.0.6]
	at org.springframework.beans.factory.support.DefaultListableBeanFactory.preInstantiateSingleton(DefaultListableBeanFactory.java:1184) ~[spring-beans-7.0.6.jar:7.0.6]
	at org.springframework.beans.factory.support.DefaultListableBeanFactory.preInstantiateSingletons(DefaultListableBeanFactory.java:1121) ~[spring-beans-7.0.6.jar:7.0.6]
	at org.springframework.context.support.AbstractApplicationContext.finishBeanFactoryInitialization(AbstractApplicationContext.java:994) ~[spring-context-7.0.6.jar:7.0.6]
	at org.springframework.context.support.AbstractApplicationContext.refresh(AbstractApplicationContext.java:621) ~[spring-context-7.0.6.jar:7.0.6]
	at org.springframework.boot.web.server.servlet.context.ServletWebServerApplicationContext.refresh(ServletWebServerApplicationContext.java:143) ~[spring-boot-web-server-4.0.4.jar:4.0.4]
	at org.springframework.boot.SpringApplication.refresh(SpringApplication.java:756) ~[spring-boot-4.0.4.jar:4.0.4]
	at org.springframework.boot.SpringApplication.refreshContext(SpringApplication.java:445) ~[spring-boot-4.0.4.jar:4.0.4]
	at org.springframework.boot.SpringApplication.run(SpringApplication.java:321) ~[spring-boot-4.0.4.jar:4.0.4]
	at org.springframework.boot.SpringApplication.run(SpringApplication.java:1365) ~[spring-boot-4.0.4.jar:4.0.4]
	at org.springframework.boot.SpringApplication.run(SpringApplication.java:1354) ~[spring-boot-4.0.4.jar:4.0.4]
	at com.example.demo.DemoApplication.main(DemoApplication.java:10) ~[classes/:na]
Caused by: org.springframework.jdbc.datasource.init.ScriptStatementFailedException: Failed to execute SQL script statement #2 of file [F:\Universidad\Docencia ICESI\Computación en Internet 2\2026 01\parcial-jpa-avion\target\classes\data.sql]: (3, 'Global Air', 'Spain', 'GA')
	at org.springframework.jdbc.datasource.init.ScriptUtils.executeSqlScript(ScriptUtils.java:293) ~[spring-jdbc-7.0.6.jar:7.0.6]
	at org.springframework.jdbc.datasource.init.ResourceDatabasePopulator.populate(ResourceDatabasePopulator.java:254) ~[spring-jdbc-7.0.6.jar:7.0.6]
	at org.springframework.jdbc.datasource.init.DatabasePopulatorUtils.execute(DatabasePopulatorUtils.java:54) ~[spring-jdbc-7.0.6.jar:7.0.6]
	at org.springframework.boot.jdbc.init.DataSourceScriptDatabaseInitializer.runScripts(DataSourceScriptDatabaseInitializer.java:87) ~[spring-boot-jdbc-4.0.4.jar:4.0.4]
	at org.springframework.boot.sql.init.AbstractScriptDatabaseInitializer.runScripts(AbstractScriptDatabaseInitializer.java:159) ~[spring-boot-sql-4.0.4.jar:4.0.4]
	at org.springframework.boot.sql.init.AbstractScriptDatabaseInitializer.applyScripts(AbstractScriptDatabaseInitializer.java:120) ~[spring-boot-sql-4.0.4.jar:4.0.4]
	at org.springframework.boot.sql.init.AbstractScriptDatabaseInitializer.applyDataScripts(AbstractScriptDatabaseInitializer.java:113) ~[spring-boot-sql-4.0.4.jar:4.0.4]
	at org.springframework.boot.sql.init.AbstractScriptDatabaseInitializer.initializeDatabase(AbstractScriptDatabaseInitializer.java:88) ~[spring-boot-sql-4.0.4.jar:4.0.4]
	at org.springframework.boot.sql.init.AbstractScriptDatabaseInitializer.afterPropertiesSet(AbstractScriptDatabaseInitializer.java:77) ~[spring-boot-sql-4.0.4.jar:4.0.4]
	at org.springframework.beans.factory.support.AbstractAutowireCapableBeanFactory.invokeInitMethods(AbstractAutowireCapableBeanFactory.java:1864) ~[spring-beans-7.0.6.jar:7.0.6]
	at org.springframework.beans.factory.support.AbstractAutowireCapableBeanFactory.initializeBean(AbstractAutowireCapableBeanFactory.java:1813) ~[spring-beans-7.0.6.jar:7.0.6]
	... 18 common frames omitted
Caused by: org.h2.jdbc.JdbcSQLSyntaxErrorException: Error de Sintaxis en sentencia SQL "([*]3, 'Global Air', 'Spain', 'GA')"; se esperaba "(, SELECT, TABLE, VALUES"
Syntax error in SQL statement "([*]3, 'Global Air', 'Spain', 'GA')"; expected "(, SELECT, TABLE, VALUES"; SQL statement:
(3, 'Global Air', 'Spain', 'GA') [42001-240]
	at org.h2.message.DbException.getJdbcSQLException(DbException.java:514) ~[h2-2.4.240.jar:2.4.240]
	at org.h2.message.DbException.getJdbcSQLException(DbException.java:489) ~[h2-2.4.240.jar:2.4.240]
	at org.h2.message.DbException.getSyntaxError(DbException.java:261) ~[h2-2.4.240.jar:2.4.240]
	at org.h2.command.ParserBase.getSyntaxError(ParserBase.java:762) ~[h2-2.4.240.jar:2.4.240]
	at org.h2.command.ParserBase.read(ParserBase.java:369) ~[h2-2.4.240.jar:2.4.240]
	at org.h2.command.Parser.parseQueryPrimary(Parser.java:2699) ~[h2-2.4.240.jar:2.4.240]
	at org.h2.command.Parser.parseQueryTerm(Parser.java:2550) ~[h2-2.4.240.jar:2.4.240]
	at org.h2.command.Parser.parseQueryExpressionBody(Parser.java:2529) ~[h2-2.4.240.jar:2.4.240]
	at org.h2.command.Parser.parseQueryExpressionBodyAndEndOfQuery(Parser.java:2522) ~[h2-2.4.240.jar:2.4.240]
	at org.h2.command.Parser.parseQueryPrimary(Parser.java:2688) ~[h2-2.4.240.jar:2.4.240]
	at org.h2.command.Parser.parseQueryTerm(Parser.java:2550) ~[h2-2.4.240.jar:2.4.240]
	at org.h2.command.Parser.parseQueryExpressionBody(Parser.java:2529) ~[h2-2.4.240.jar:2.4.240]
	at org.h2.command.Parser.parseQueryExpressionBodyAndEndOfQuery(Parser.java:2522) ~[h2-2.4.240.jar:2.4.240]
	at org.h2.command.Parser.parseQueryExpression(Parser.java:2515) ~[h2-2.4.240.jar:2.4.240]
	at org.h2.command.Parser.parseQuery(Parser.java:2482) ~[h2-2.4.240.jar:2.4.240]
	at org.h2.command.Parser.parsePrepared(Parser.java:613) ~[h2-2.4.240.jar:2.4.240]
	at org.h2.command.Parser.parse(Parser.java:584) ~[h2-2.4.240.jar:2.4.240]
	at org.h2.command.Parser.parse(Parser.java:564) ~[h2-2.4.240.jar:2.4.240]
	at org.h2.command.Parser.prepareCommand(Parser.java:487) ~[h2-2.4.240.jar:2.4.240]
	at org.h2.engine.SessionLocal.prepareLocal(SessionLocal.java:647) ~[h2-2.4.240.jar:2.4.240]
	at org.h2.engine.SessionLocal.prepareCommand(SessionLocal.java:563) ~[h2-2.4.240.jar:2.4.240]
	at org.h2.jdbc.JdbcConnection.prepareCommand(JdbcConnection.java:1160) ~[h2-2.4.240.jar:2.4.240]
	at org.h2.jdbc.JdbcStatement.executeInternal(JdbcStatement.java:245) ~[h2-2.4.240.jar:2.4.240]
	at org.h2.jdbc.JdbcStatement.execute(JdbcStatement.java:231) ~[h2-2.4.240.jar:2.4.240]
	at com.zaxxer.hikari.pool.ProxyStatement.execute(ProxyStatement.java:95) ~[HikariCP-7.0.2.jar:na]
	at com.zaxxer.hikari.pool.HikariProxyStatement.execute(HikariProxyStatement.java) ~[HikariCP-7.0.2.jar:na]
	at org.springframework.jdbc.datasource.init.ScriptUtils.executeSqlScript(ScriptUtils.java:261) ~[spring-jdbc-7.0.6.jar:7.0.6]
	... 28 common frames omitted

2026-03-21 12:58:26.632  INFO 6988 --- [demo] [main] com.example.demo.DemoApplication         : Starting DemoApplication using Java 17.0.11 with PID 6988 (F:\Universidad\Docencia ICESI\Computación en Internet 2\2026 01\parcial-jpa-avion\target\classes started by Kelocoes in F:\Universidad\Docencia ICESI\Computación en Internet 2\2026 01\parcial-jpa-avion)
2026-03-21 12:58:26.635  INFO 6988 --- [demo] [main] com.example.demo.DemoApplication         : No active profile set, falling back to 1 default profile: "default"
2026-03-21 12:58:27.012  INFO 6988 --- [demo] [main] .s.d.r.c.RepositoryConfigurationDelegate : Bootstrapping Spring Data JPA repositories in DEFAULT mode.
2026-03-21 12:58:27.061  INFO 6988 --- [demo] [main] .s.d.r.c.RepositoryConfigurationDelegate : Finished Spring Data repository scanning in 41 ms. Found 6 JPA repository interfaces.
2026-03-21 12:58:27.412  INFO 6988 --- [demo] [main] o.s.boot.tomcat.TomcatWebServer          : Tomcat initialized with port 8081 (http)
2026-03-21 12:58:27.422  INFO 6988 --- [demo] [main] o.apache.catalina.core.StandardService   : Starting service [Tomcat]
2026-03-21 12:58:27.422  INFO 6988 --- [demo] [main] o.apache.catalina.core.StandardEngine    : Starting Servlet engine: [Apache Tomcat/11.0.18]
2026-03-21 12:58:27.475  INFO 6988 --- [demo] [main] b.w.c.s.WebApplicationContextInitializer : Root WebApplicationContext: initialization completed in 807 ms
2026-03-21 12:58:27.591  INFO 6988 --- [demo] [main] org.hibernate.orm.jpa                    : HHH008540: Processing PersistenceUnitInfo [name: default]
2026-03-21 12:58:27.629  INFO 6988 --- [demo] [main] org.hibernate.orm.core                   : HHH000001: Hibernate ORM core version 7.2.7.Final
2026-03-21 12:58:27.943  INFO 6988 --- [demo] [main] o.s.o.j.p.SpringPersistenceUnitInfo      : No LoadTimeWeaver setup: ignoring JPA class transformer
2026-03-21 12:58:27.969  INFO 6988 --- [demo] [main] com.zaxxer.hikari.HikariDataSource       : HikariPool-1 - Starting...
2026-03-21 12:58:28.097  INFO 6988 --- [demo] [main] com.zaxxer.hikari.pool.HikariPool        : HikariPool-1 - Added connection conn0: url=jdbc:h2:mem:db-test user=POSTGRES
2026-03-21 12:58:28.099  INFO 6988 --- [demo] [main] com.zaxxer.hikari.HikariDataSource       : HikariPool-1 - Start completed.
2026-03-21 12:58:28.142  INFO 6988 --- [demo] [main] org.hibernate.orm.connections.pooling    : HHH10001005: Database info:
	Database JDBC URL [jdbc:h2:mem:db-test]
	Database driver: H2 JDBC Driver
	Database dialect: H2Dialect
	Database version: 2.4.240
	Default catalog/schema: DB-TEST/PUBLIC
	Autocommit mode: undefined/unknown
	Isolation level: READ_COMMITTED [default READ_COMMITTED]
	JDBC fetch size: 100
	Pool: DataSourceConnectionProvider
	Minimum pool size: undefined/unknown
	Maximum pool size: undefined/unknown
2026-03-21 12:58:28.814  INFO 6988 --- [demo] [main] org.hibernate.orm.core                   : HHH000489: No JTA platform available (set 'hibernate.transaction.jta.platform' to enable JTA platform integration)
2026-03-21 12:58:28.863  INFO 6988 --- [demo] [main] j.LocalContainerEntityManagerFactoryBean : Initialized JPA EntityManagerFactory for persistence unit 'default'
2026-03-21 12:58:28.914  INFO 6988 --- [demo] [main] o.s.d.j.r.query.QueryEnhancerFactories   : Hibernate is in classpath; If applicable, HQL parser will be used.
2026-03-21 12:58:29.088  WARN 6988 --- [demo] [main] JpaBaseConfiguration$JpaWebConfiguration : spring.jpa.open-in-view is enabled by default. Therefore, database queries may be performed during view rendering. Explicitly configure spring.jpa.open-in-view to disable this warning
2026-03-21 12:58:29.267  INFO 6988 --- [demo] [main] o.s.b.h.a.H2ConsoleAutoConfiguration     : H2 console available at '/h2-console'. Database available at 'jdbc:h2:mem:db-test'
2026-03-21 12:58:29.280  WARN 6988 --- [demo] [main] ConfigServletWebServerApplicationContext : Exception encountered during context initialization - cancelling refresh attempt: org.springframework.beans.factory.BeanCreationException: Error creating bean with name 'dataSourceScriptDatabaseInitializer' defined in class path resource [org/springframework/boot/jdbc/autoconfigure/DataSourceInitializationAutoConfiguration.class]: Failed to execute SQL script statement #4 of file [F:\Universidad\Docencia ICESI\Computación en Internet 2\2026 01\parcial-jpa-avion\target\classes\data.sql]: (4, 'Airbus A350-900', 'N-9002', 320, 3)
2026-03-21 12:58:29.281  INFO 6988 --- [demo] [main] j.LocalContainerEntityManagerFactoryBean : Closing JPA EntityManagerFactory for persistence unit 'default'
2026-03-21 12:58:29.287  INFO 6988 --- [demo] [main] com.zaxxer.hikari.HikariDataSource       : HikariPool-1 - Shutdown initiated...
2026-03-21 12:58:29.288  INFO 6988 --- [demo] [main] com.zaxxer.hikari.HikariDataSource       : HikariPool-1 - Shutdown completed.
2026-03-21 12:58:29.289  INFO 6988 --- [demo] [main] o.apache.catalina.core.StandardService   : Stopping service [Tomcat]
2026-03-21 12:58:29.296  INFO 6988 --- [demo] [main] .s.b.a.l.ConditionEvaluationReportLogger : 

Error starting ApplicationContext. To display the condition evaluation report re-run your application with 'debug' enabled.
2026-03-21 12:58:29.305 ERROR 6988 --- [demo] [main] o.s.boot.SpringApplication               : Application run failed

org.springframework.beans.factory.BeanCreationException: Error creating bean with name 'dataSourceScriptDatabaseInitializer' defined in class path resource [org/springframework/boot/jdbc/autoconfigure/DataSourceInitializationAutoConfiguration.class]: Failed to execute SQL script statement #4 of file [F:\Universidad\Docencia ICESI\Computación en Internet 2\2026 01\parcial-jpa-avion\target\classes\data.sql]: (4, 'Airbus A350-900', 'N-9002', 320, 3)
	at org.springframework.beans.factory.support.AbstractAutowireCapableBeanFactory.initializeBean(AbstractAutowireCapableBeanFactory.java:1817) ~[spring-beans-7.0.6.jar:7.0.6]
	at org.springframework.beans.factory.support.AbstractAutowireCapableBeanFactory.doCreateBean(AbstractAutowireCapableBeanFactory.java:603) ~[spring-beans-7.0.6.jar:7.0.6]
	at org.springframework.beans.factory.support.AbstractAutowireCapableBeanFactory.createBean(AbstractAutowireCapableBeanFactory.java:525) ~[spring-beans-7.0.6.jar:7.0.6]
	at org.springframework.beans.factory.support.AbstractBeanFactory.lambda$doGetBean$0(AbstractBeanFactory.java:333) ~[spring-beans-7.0.6.jar:7.0.6]
	at org.springframework.beans.factory.support.DefaultSingletonBeanRegistry.getSingleton(DefaultSingletonBeanRegistry.java:371) ~[spring-beans-7.0.6.jar:7.0.6]
	at org.springframework.beans.factory.support.AbstractBeanFactory.doGetBean(AbstractBeanFactory.java:331) ~[spring-beans-7.0.6.jar:7.0.6]
	at org.springframework.beans.factory.support.AbstractBeanFactory.getBean(AbstractBeanFactory.java:196) ~[spring-beans-7.0.6.jar:7.0.6]
	at org.springframework.beans.factory.support.DefaultListableBeanFactory.instantiateSingleton(DefaultListableBeanFactory.java:1218) ~[spring-beans-7.0.6.jar:7.0.6]
	at org.springframework.beans.factory.support.DefaultListableBeanFactory.preInstantiateSingleton(DefaultListableBeanFactory.java:1184) ~[spring-beans-7.0.6.jar:7.0.6]
	at org.springframework.beans.factory.support.DefaultListableBeanFactory.preInstantiateSingletons(DefaultListableBeanFactory.java:1121) ~[spring-beans-7.0.6.jar:7.0.6]
	at org.springframework.context.support.AbstractApplicationContext.finishBeanFactoryInitialization(AbstractApplicationContext.java:994) ~[spring-context-7.0.6.jar:7.0.6]
	at org.springframework.context.support.AbstractApplicationContext.refresh(AbstractApplicationContext.java:621) ~[spring-context-7.0.6.jar:7.0.6]
	at org.springframework.boot.web.server.servlet.context.ServletWebServerApplicationContext.refresh(ServletWebServerApplicationContext.java:143) ~[spring-boot-web-server-4.0.4.jar:4.0.4]
	at org.springframework.boot.SpringApplication.refresh(SpringApplication.java:756) ~[spring-boot-4.0.4.jar:4.0.4]
	at org.springframework.boot.SpringApplication.refreshContext(SpringApplication.java:445) ~[spring-boot-4.0.4.jar:4.0.4]
	at org.springframework.boot.SpringApplication.run(SpringApplication.java:321) ~[spring-boot-4.0.4.jar:4.0.4]
	at org.springframework.boot.SpringApplication.run(SpringApplication.java:1365) ~[spring-boot-4.0.4.jar:4.0.4]
	at org.springframework.boot.SpringApplication.run(SpringApplication.java:1354) ~[spring-boot-4.0.4.jar:4.0.4]
	at com.example.demo.DemoApplication.main(DemoApplication.java:10) ~[classes/:na]
Caused by: org.springframework.jdbc.datasource.init.ScriptStatementFailedException: Failed to execute SQL script statement #4 of file [F:\Universidad\Docencia ICESI\Computación en Internet 2\2026 01\parcial-jpa-avion\target\classes\data.sql]: (4, 'Airbus A350-900', 'N-9002', 320, 3)
	at org.springframework.jdbc.datasource.init.ScriptUtils.executeSqlScript(ScriptUtils.java:293) ~[spring-jdbc-7.0.6.jar:7.0.6]
	at org.springframework.jdbc.datasource.init.ResourceDatabasePopulator.populate(ResourceDatabasePopulator.java:254) ~[spring-jdbc-7.0.6.jar:7.0.6]
	at org.springframework.jdbc.datasource.init.DatabasePopulatorUtils.execute(DatabasePopulatorUtils.java:54) ~[spring-jdbc-7.0.6.jar:7.0.6]
	at org.springframework.boot.jdbc.init.DataSourceScriptDatabaseInitializer.runScripts(DataSourceScriptDatabaseInitializer.java:87) ~[spring-boot-jdbc-4.0.4.jar:4.0.4]
	at org.springframework.boot.sql.init.AbstractScriptDatabaseInitializer.runScripts(AbstractScriptDatabaseInitializer.java:159) ~[spring-boot-sql-4.0.4.jar:4.0.4]
	at org.springframework.boot.sql.init.AbstractScriptDatabaseInitializer.applyScripts(AbstractScriptDatabaseInitializer.java:120) ~[spring-boot-sql-4.0.4.jar:4.0.4]
	at org.springframework.boot.sql.init.AbstractScriptDatabaseInitializer.applyDataScripts(AbstractScriptDatabaseInitializer.java:113) ~[spring-boot-sql-4.0.4.jar:4.0.4]
	at org.springframework.boot.sql.init.AbstractScriptDatabaseInitializer.initializeDatabase(AbstractScriptDatabaseInitializer.java:88) ~[spring-boot-sql-4.0.4.jar:4.0.4]
	at org.springframework.boot.sql.init.AbstractScriptDatabaseInitializer.afterPropertiesSet(AbstractScriptDatabaseInitializer.java:77) ~[spring-boot-sql-4.0.4.jar:4.0.4]
	at org.springframework.beans.factory.support.AbstractAutowireCapableBeanFactory.invokeInitMethods(AbstractAutowireCapableBeanFactory.java:1864) ~[spring-beans-7.0.6.jar:7.0.6]
	at org.springframework.beans.factory.support.AbstractAutowireCapableBeanFactory.initializeBean(AbstractAutowireCapableBeanFactory.java:1813) ~[spring-beans-7.0.6.jar:7.0.6]
	... 18 common frames omitted
Caused by: org.h2.jdbc.JdbcSQLSyntaxErrorException: Error de Sintaxis en sentencia SQL "([*]4, 'Airbus A350-900', 'N-9002', 320, 3)"; se esperaba "(, SELECT, TABLE, VALUES"
Syntax error in SQL statement "([*]4, 'Airbus A350-900', 'N-9002', 320, 3)"; expected "(, SELECT, TABLE, VALUES"; SQL statement:
(4, 'Airbus A350-900', 'N-9002', 320, 3) [42001-240]
	at org.h2.message.DbException.getJdbcSQLException(DbException.java:514) ~[h2-2.4.240.jar:2.4.240]
	at org.h2.message.DbException.getJdbcSQLException(DbException.java:489) ~[h2-2.4.240.jar:2.4.240]
	at org.h2.message.DbException.getSyntaxError(DbException.java:261) ~[h2-2.4.240.jar:2.4.240]
	at org.h2.command.ParserBase.getSyntaxError(ParserBase.java:762) ~[h2-2.4.240.jar:2.4.240]
	at org.h2.command.ParserBase.read(ParserBase.java:369) ~[h2-2.4.240.jar:2.4.240]
	at org.h2.command.Parser.parseQueryPrimary(Parser.java:2699) ~[h2-2.4.240.jar:2.4.240]
	at org.h2.command.Parser.parseQueryTerm(Parser.java:2550) ~[h2-2.4.240.jar:2.4.240]
	at org.h2.command.Parser.parseQueryExpressionBody(Parser.java:2529) ~[h2-2.4.240.jar:2.4.240]
	at org.h2.command.Parser.parseQueryExpressionBodyAndEndOfQuery(Parser.java:2522) ~[h2-2.4.240.jar:2.4.240]
	at org.h2.command.Parser.parseQueryPrimary(Parser.java:2688) ~[h2-2.4.240.jar:2.4.240]
	at org.h2.command.Parser.parseQueryTerm(Parser.java:2550) ~[h2-2.4.240.jar:2.4.240]
	at org.h2.command.Parser.parseQueryExpressionBody(Parser.java:2529) ~[h2-2.4.240.jar:2.4.240]
	at org.h2.command.Parser.parseQueryExpressionBodyAndEndOfQuery(Parser.java:2522) ~[h2-2.4.240.jar:2.4.240]
	at org.h2.command.Parser.parseQueryExpression(Parser.java:2515) ~[h2-2.4.240.jar:2.4.240]
	at org.h2.command.Parser.parseQuery(Parser.java:2482) ~[h2-2.4.240.jar:2.4.240]
	at org.h2.command.Parser.parsePrepared(Parser.java:613) ~[h2-2.4.240.jar:2.4.240]
	at org.h2.command.Parser.parse(Parser.java:584) ~[h2-2.4.240.jar:2.4.240]
	at org.h2.command.Parser.parse(Parser.java:564) ~[h2-2.4.240.jar:2.4.240]
	at org.h2.command.Parser.prepareCommand(Parser.java:487) ~[h2-2.4.240.jar:2.4.240]
	at org.h2.engine.SessionLocal.prepareLocal(SessionLocal.java:647) ~[h2-2.4.240.jar:2.4.240]
	at org.h2.engine.SessionLocal.prepareCommand(SessionLocal.java:563) ~[h2-2.4.240.jar:2.4.240]
	at org.h2.jdbc.JdbcConnection.prepareCommand(JdbcConnection.java:1160) ~[h2-2.4.240.jar:2.4.240]
	at org.h2.jdbc.JdbcStatement.executeInternal(JdbcStatement.java:245) ~[h2-2.4.240.jar:2.4.240]
	at org.h2.jdbc.JdbcStatement.execute(JdbcStatement.java:231) ~[h2-2.4.240.jar:2.4.240]
	at com.zaxxer.hikari.pool.ProxyStatement.execute(ProxyStatement.java:95) ~[HikariCP-7.0.2.jar:na]
	at com.zaxxer.hikari.pool.HikariProxyStatement.execute(HikariProxyStatement.java) ~[HikariCP-7.0.2.jar:na]
	at org.springframework.jdbc.datasource.init.ScriptUtils.executeSqlScript(ScriptUtils.java:261) ~[spring-jdbc-7.0.6.jar:7.0.6]
	... 28 common frames omitted

2026-03-21 12:58:38.002  INFO 21372 --- [demo] [main] com.example.demo.DemoApplication         : Starting DemoApplication using Java 17.0.11 with PID 21372 (F:\Universidad\Docencia ICESI\Computación en Internet 2\2026 01\parcial-jpa-avion\target\classes started by Kelocoes in F:\Universidad\Docencia ICESI\Computación en Internet 2\2026 01\parcial-jpa-avion)
2026-03-21 12:58:38.005  INFO 21372 --- [demo] [main] com.example.demo.DemoApplication         : No active profile set, falling back to 1 default profile: "default"
2026-03-21 12:58:38.395  INFO 21372 --- [demo] [main] .s.d.r.c.RepositoryConfigurationDelegate : Bootstrapping Spring Data JPA repositories in DEFAULT mode.
2026-03-21 12:58:38.443  INFO 21372 --- [demo] [main] .s.d.r.c.RepositoryConfigurationDelegate : Finished Spring Data repository scanning in 41 ms. Found 6 JPA repository interfaces.
2026-03-21 12:58:38.779  INFO 21372 --- [demo] [main] o.s.boot.tomcat.TomcatWebServer          : Tomcat initialized with port 8081 (http)
2026-03-21 12:58:38.841  INFO 21372 --- [demo] [main] b.w.c.s.WebApplicationContextInitializer : Root WebApplicationContext: initialization completed in 803 ms
2026-03-21 12:58:38.961  INFO 21372 --- [demo] [main] org.hibernate.orm.jpa                    : HHH008540: Processing PersistenceUnitInfo [name: default]
2026-03-21 12:58:38.999  INFO 21372 --- [demo] [main] org.hibernate.orm.core                   : HHH000001: Hibernate ORM core version 7.2.7.Final
2026-03-21 12:58:39.319  INFO 21372 --- [demo] [main] o.s.o.j.p.SpringPersistenceUnitInfo      : No LoadTimeWeaver setup: ignoring JPA class transformer
2026-03-21 12:58:39.347  INFO 21372 --- [demo] [main] com.zaxxer.hikari.HikariDataSource       : HikariPool-1 - Starting...
2026-03-21 12:58:39.473  INFO 21372 --- [demo] [main] com.zaxxer.hikari.pool.HikariPool        : HikariPool-1 - Added connection conn0: url=jdbc:h2:mem:db-test user=POSTGRES
2026-03-21 12:58:39.475  INFO 21372 --- [demo] [main] com.zaxxer.hikari.HikariDataSource       : HikariPool-1 - Start completed.
2026-03-21 12:58:39.519  INFO 21372 --- [demo] [main] org.hibernate.orm.connections.pooling    : HHH10001005: Database info:
	Database JDBC URL [jdbc:h2:mem:db-test]
	Database driver: H2 JDBC Driver
	Database dialect: H2Dialect
	Database version: 2.4.240
	Default catalog/schema: DB-TEST/PUBLIC
	Autocommit mode: undefined/unknown
	Isolation level: READ_COMMITTED [default READ_COMMITTED]
	JDBC fetch size: 100
	Pool: DataSourceConnectionProvider
	Minimum pool size: undefined/unknown
	Maximum pool size: undefined/unknown
2026-03-21 12:58:40.189  INFO 21372 --- [demo] [main] org.hibernate.orm.core                   : HHH000489: No JTA platform available (set 'hibernate.transaction.jta.platform' to enable JTA platform integration)
2026-03-21 12:58:40.237  INFO 21372 --- [demo] [main] j.LocalContainerEntityManagerFactoryBean : Initialized JPA EntityManagerFactory for persistence unit 'default'
2026-03-21 12:58:40.288  INFO 21372 --- [demo] [main] o.s.d.j.r.query.QueryEnhancerFactories   : Hibernate is in classpath; If applicable, HQL parser will be used.
2026-03-21 12:58:40.458  WARN 21372 --- [demo] [main] JpaBaseConfiguration$JpaWebConfiguration : spring.jpa.open-in-view is enabled by default. Therefore, database queries may be performed during view rendering. Explicitly configure spring.jpa.open-in-view to disable this warning
2026-03-21 12:58:40.635  INFO 21372 --- [demo] [main] o.s.b.h.a.H2ConsoleAutoConfiguration     : H2 console available at '/h2-console'. Database available at 'jdbc:h2:mem:db-test'
2026-03-21 12:58:40.697  INFO 21372 --- [demo] [main] o.s.boot.tomcat.TomcatWebServer          : Tomcat started on port 8081 (http) with context path '/compunet2-2026'
2026-03-21 12:58:40.703  INFO 21372 --- [demo] [main] com.example.demo.DemoApplication         : Started DemoApplication in 3.058 seconds (process running for 3.376)
2026-03-21 12:58:40.705  INFO 21372 --- [demo] [SpringApplicationShutdownHook] o.s.boot.tomcat.GracefulShutdown         : Commencing graceful shutdown. Waiting for active requests to complete
2026-03-21 12:58:40.787  INFO 21372 --- [demo] [tomcat-shutdown] o.s.boot.tomcat.GracefulShutdown         : Graceful shutdown complete
2026-03-21 12:58:40.791  INFO 21372 --- [demo] [SpringApplicationShutdownHook] j.LocalContainerEntityManagerFactoryBean : Closing JPA EntityManagerFactory for persistence unit 'default'
2026-03-21 12:58:40.795  INFO 21372 --- [demo] [SpringApplicationShutdownHook] com.zaxxer.hikari.HikariDataSource       : HikariPool-1 - Shutdown initiated...
2026-03-21 12:58:40.796  INFO 21372 --- [demo] [SpringApplicationShutdownHook] com.zaxxer.hikari.HikariDataSource       : HikariPool-1 - Shutdown completed.
2026-03-21 12:58:48.993  INFO 17152 --- [demo] [main] com.example.demo.DemoApplication         : Starting DemoApplication using Java 17.0.11 with PID 17152 (F:\Universidad\Docencia ICESI\Computación en Internet 2\2026 01\parcial-jpa-avion\target\classes started by Kelocoes in F:\Universidad\Docencia ICESI\Computación en Internet 2\2026 01\parcial-jpa-avion)
2026-03-21 12:58:48.996  INFO 17152 --- [demo] [main] com.example.demo.DemoApplication         : No active profile set, falling back to 1 default profile: "default"
2026-03-21 12:58:49.407  INFO 17152 --- [demo] [main] .s.d.r.c.RepositoryConfigurationDelegate : Bootstrapping Spring Data JPA repositories in DEFAULT mode.
2026-03-21 12:58:49.456  INFO 17152 --- [demo] [main] .s.d.r.c.RepositoryConfigurationDelegate : Finished Spring Data repository scanning in 42 ms. Found 6 JPA repository interfaces.
2026-03-21 12:58:49.788  INFO 17152 --- [demo] [main] o.s.boot.tomcat.TomcatWebServer          : Tomcat initialized with port 8081 (http)
2026-03-21 12:58:49.798  INFO 17152 --- [demo] [main] o.apache.catalina.core.StandardService   : Starting service [Tomcat]
2026-03-21 12:58:49.798  INFO 17152 --- [demo] [main] o.apache.catalina.core.StandardEngine    : Starting Servlet engine: [Apache Tomcat/11.0.18]
2026-03-21 12:58:49.852  INFO 17152 --- [demo] [main] b.w.c.s.WebApplicationContextInitializer : Root WebApplicationContext: initialization completed in 822 ms
2026-03-21 12:58:49.961  INFO 17152 --- [demo] [main] org.hibernate.orm.jpa                    : HHH008540: Processing PersistenceUnitInfo [name: default]
2026-03-21 12:58:50.005  INFO 17152 --- [demo] [main] org.hibernate.orm.core                   : HHH000001: Hibernate ORM core version 7.2.7.Final
2026-03-21 12:58:50.323  INFO 17152 --- [demo] [main] o.s.o.j.p.SpringPersistenceUnitInfo      : No LoadTimeWeaver setup: ignoring JPA class transformer
2026-03-21 12:58:50.349  INFO 17152 --- [demo] [main] com.zaxxer.hikari.HikariDataSource       : HikariPool-1 - Starting...
2026-03-21 12:58:50.476  INFO 17152 --- [demo] [main] com.zaxxer.hikari.pool.HikariPool        : HikariPool-1 - Added connection conn0: url=jdbc:h2:mem:db-test user=POSTGRES
2026-03-21 12:58:50.477  INFO 17152 --- [demo] [main] com.zaxxer.hikari.HikariDataSource       : HikariPool-1 - Start completed.
2026-03-21 12:58:50.520  INFO 17152 --- [demo] [main] org.hibernate.orm.connections.pooling    : HHH10001005: Database info:
	Database JDBC URL [jdbc:h2:mem:db-test]
	Database driver: H2 JDBC Driver
	Database dialect: H2Dialect
	Database version: 2.4.240
	Default catalog/schema: DB-TEST/PUBLIC
	Autocommit mode: undefined/unknown
	Isolation level: READ_COMMITTED [default READ_COMMITTED]
	JDBC fetch size: 100
	Pool: DataSourceConnectionProvider
	Minimum pool size: undefined/unknown
	Maximum pool size: undefined/unknown
2026-03-21 12:58:51.176  INFO 17152 --- [demo] [main] org.hibernate.orm.core                   : HHH000489: No JTA platform available (set 'hibernate.transaction.jta.platform' to enable JTA platform integration)
2026-03-21 12:58:51.225  INFO 17152 --- [demo] [main] j.LocalContainerEntityManagerFactoryBean : Initialized JPA EntityManagerFactory for persistence unit 'default'
2026-03-21 12:58:51.275  INFO 17152 --- [demo] [main] o.s.d.j.r.query.QueryEnhancerFactories   : Hibernate is in classpath; If applicable, HQL parser will be used.
2026-03-21 12:58:51.444  WARN 17152 --- [demo] [main] JpaBaseConfiguration$JpaWebConfiguration : spring.jpa.open-in-view is enabled by default. Therefore, database queries may be performed during view rendering. Explicitly configure spring.jpa.open-in-view to disable this warning
2026-03-21 12:58:51.624  INFO 17152 --- [demo] [main] o.s.b.h.a.H2ConsoleAutoConfiguration     : H2 console available at '/h2-console'. Database available at 'jdbc:h2:mem:db-test'
2026-03-21 12:58:51.678  INFO 17152 --- [demo] [main] o.s.boot.tomcat.TomcatWebServer          : Tomcat started on port 8081 (http) with context path '/compunet2-2026'
2026-03-21 12:58:51.682  INFO 17152 --- [demo] [main] com.example.demo.DemoApplication         : Started DemoApplication in 3.018 seconds (process running for 3.324)
2026-03-21 12:58:53.353  INFO 17152 --- [demo] [http-nio-8081-exec-1] o.a.c.c.C.[.[.[/compunet2-2026]          : Initializing Spring DispatcherServlet 'dispatcherServlet'
2026-03-21 12:58:53.353  INFO 17152 --- [demo] [http-nio-8081-exec-1] o.s.web.servlet.DispatcherServlet        : Initializing Servlet 'dispatcherServlet'
2026-03-21 12:58:53.354  INFO 17152 --- [demo] [http-nio-8081-exec-1] o.s.web.servlet.DispatcherServlet        : Completed initialization in 1 ms
2026-03-21 12:59:01.952  INFO 17152 --- [demo] [SpringApplicationShutdownHook] o.s.boot.tomcat.GracefulShutdown         : Commencing graceful shutdown. Waiting for active requests to complete
2026-03-21 12:59:02.041  INFO 17152 --- [demo] [tomcat-shutdown] o.s.boot.tomcat.GracefulShutdown         : Graceful shutdown complete
2026-03-21 12:59:02.044  INFO 17152 --- [demo] [SpringApplicationShutdownHook] j.LocalContainerEntityManagerFactoryBean : Closing JPA EntityManagerFactory for persistence unit 'default'
2026-03-21 12:59:02.048  INFO 17152 --- [demo] [SpringApplicationShutdownHook] com.zaxxer.hikari.HikariDataSource       : HikariPool-1 - Shutdown initiated...
2026-03-21 12:59:02.050  INFO 17152 --- [demo] [SpringApplicationShutdownHook] com.zaxxer.hikari.HikariDataSource       : HikariPool-1 - Shutdown completed.
2026-03-21 13:04:08.298  INFO 3220 --- [demo] [main] com.example.demo.DemoApplication         : Starting DemoApplication using Java 17.0.11 with PID 3220 (F:\Universidad\Docencia ICESI\Computación en Internet 2\2026 01\parcial-jpa-avion\target\classes started by Kelocoes in F:\Universidad\Docencia ICESI\Computación en Internet 2\2026 01\parcial-jpa-avion)
2026-03-21 13:04:08.301  INFO 3220 --- [demo] [main] com.example.demo.DemoApplication         : No active profile set, falling back to 1 default profile: "default"
2026-03-21 13:04:08.726  INFO 3220 --- [demo] [main] .s.d.r.c.RepositoryConfigurationDelegate : Bootstrapping Spring Data JPA repositories in DEFAULT mode.
2026-03-21 13:04:08.778  INFO 3220 --- [demo] [main] .s.d.r.c.RepositoryConfigurationDelegate : Finished Spring Data repository scanning in 44 ms. Found 6 JPA repository interfaces.
2026-03-21 13:04:09.121  INFO 3220 --- [demo] [main] o.s.boot.tomcat.TomcatWebServer          : Tomcat initialized with port 8081 (http)
2026-03-21 13:04:09.131  INFO 3220 --- [demo] [main] o.apache.catalina.core.StandardService   : Starting service [Tomcat]
2026-03-21 13:04:09.132  INFO 3220 --- [demo] [main] o.apache.catalina.core.StandardEngine    : Starting Servlet engine: [Apache Tomcat/11.0.18]
2026-03-21 13:04:09.185  INFO 3220 --- [demo] [main] b.w.c.s.WebApplicationContextInitializer : Root WebApplicationContext: initialization completed in 850 ms
2026-03-21 13:04:09.303  INFO 3220 --- [demo] [main] org.hibernate.orm.jpa                    : HHH008540: Processing PersistenceUnitInfo [name: default]
2026-03-21 13:04:09.349  INFO 3220 --- [demo] [main] org.hibernate.orm.core                   : HHH000001: Hibernate ORM core version 7.2.7.Final
2026-03-21 13:04:09.678  INFO 3220 --- [demo] [main] o.s.o.j.p.SpringPersistenceUnitInfo      : No LoadTimeWeaver setup: ignoring JPA class transformer
2026-03-21 13:04:09.706  INFO 3220 --- [demo] [main] com.zaxxer.hikari.HikariDataSource       : HikariPool-1 - Starting...
2026-03-21 13:04:09.834  INFO 3220 --- [demo] [main] com.zaxxer.hikari.pool.HikariPool        : HikariPool-1 - Added connection conn0: url=jdbc:h2:mem:db-test user=POSTGRES
2026-03-21 13:04:09.835  INFO 3220 --- [demo] [main] com.zaxxer.hikari.HikariDataSource       : HikariPool-1 - Start completed.
2026-03-21 13:04:09.880  INFO 3220 --- [demo] [main] org.hibernate.orm.connections.pooling    : HHH10001005: Database info:
	Database JDBC URL [jdbc:h2:mem:db-test]
	Database driver: H2 JDBC Driver
	Database dialect: H2Dialect
	Database version: 2.4.240
	Default catalog/schema: DB-TEST/PUBLIC
	Autocommit mode: undefined/unknown
	Isolation level: READ_COMMITTED [default READ_COMMITTED]
	JDBC fetch size: 100
	Pool: DataSourceConnectionProvider
	Minimum pool size: undefined/unknown
	Maximum pool size: undefined/unknown
2026-03-21 13:04:10.560  INFO 3220 --- [demo] [main] org.hibernate.orm.core                   : HHH000489: No JTA platform available (set 'hibernate.transaction.jta.platform' to enable JTA platform integration)
2026-03-21 13:04:10.611  INFO 3220 --- [demo] [main] j.LocalContainerEntityManagerFactoryBean : Initialized JPA EntityManagerFactory for persistence unit 'default'
2026-03-21 13:04:10.660  INFO 3220 --- [demo] [main] o.s.d.j.r.query.QueryEnhancerFactories   : Hibernate is in classpath; If applicable, HQL parser will be used.
2026-03-21 13:04:10.843  WARN 3220 --- [demo] [main] JpaBaseConfiguration$JpaWebConfiguration : spring.jpa.open-in-view is enabled by default. Therefore, database queries may be performed during view rendering. Explicitly configure spring.jpa.open-in-view to disable this warning
2026-03-21 13:04:11.030  INFO 3220 --- [demo] [main] o.s.b.h.a.H2ConsoleAutoConfiguration     : H2 console available at '/h2-console'. Database available at 'jdbc:h2:mem:db-test'
2026-03-21 13:04:11.091  INFO 3220 --- [demo] [main] o.s.boot.tomcat.TomcatWebServer          : Tomcat started on port 8081 (http) with context path '/compunet2-2026'
2026-03-21 13:04:11.096  INFO 3220 --- [demo] [main] com.example.demo.DemoApplication         : Started DemoApplication in 3.134 seconds (process running for 3.455)
2026-03-21 13:04:12.280  INFO 3220 --- [demo] [SpringApplicationShutdownHook] o.s.boot.tomcat.GracefulShutdown         : Commencing graceful shutdown. Waiting for active requests to complete
2026-03-21 13:04:12.367  INFO 3220 --- [demo] [tomcat-shutdown] o.s.boot.tomcat.GracefulShutdown         : Graceful shutdown complete
2026-03-21 13:04:12.369  INFO 3220 --- [demo] [SpringApplicationShutdownHook] j.LocalContainerEntityManagerFactoryBean : Closing JPA EntityManagerFactory for persistence unit 'default'
2026-03-21 13:04:12.374  INFO 3220 --- [demo] [SpringApplicationShutdownHook] com.zaxxer.hikari.HikariDataSource       : HikariPool-1 - Shutdown initiated...
2026-03-21 13:04:12.375  INFO 3220 --- [demo] [SpringApplicationShutdownHook] com.zaxxer.hikari.HikariDataSource       : HikariPool-1 - Shutdown completed.
2026-03-21 13:05:00.256  INFO 10380 --- [demo] [main] com.example.demo.DemoApplication         : Starting DemoApplication using Java 17.0.11 with PID 10380 (F:\Universidad\Docencia ICESI\Computación en Internet 2\2026 01\parcial-jpa-avion\target\classes started by Kelocoes in F:\Universidad\Docencia ICESI\Computación en Internet 2\2026 01\parcial-jpa-avion)
2026-03-21 13:05:00.259  INFO 10380 --- [demo] [main] com.example.demo.DemoApplication         : No active profile set, falling back to 1 default profile: "default"
2026-03-21 13:05:00.644  INFO 10380 --- [demo] [main] .s.d.r.c.RepositoryConfigurationDelegate : Bootstrapping Spring Data JPA repositories in DEFAULT mode.
2026-03-21 13:05:00.693  INFO 10380 --- [demo] [main] .s.d.r.c.RepositoryConfigurationDelegate : Finished Spring Data repository scanning in 42 ms. Found 6 JPA repository interfaces.
2026-03-21 13:05:01.021  INFO 10380 --- [demo] [main] o.s.boot.tomcat.TomcatWebServer          : Tomcat initialized with port 8081 (http)
2026-03-21 13:05:01.031  INFO 10380 --- [demo] [main] o.apache.catalina.core.StandardService   : Starting service [Tomcat]
2026-03-21 13:05:01.031  INFO 10380 --- [demo] [main] o.apache.catalina.core.StandardEngine    : Starting Servlet engine: [Apache Tomcat/11.0.18]
2026-03-21 13:05:01.084  INFO 10380 --- [demo] [main] b.w.c.s.WebApplicationContextInitializer : Root WebApplicationContext: initialization completed in 791 ms
2026-03-21 13:05:01.202  INFO 10380 --- [demo] [main] org.hibernate.orm.jpa                    : HHH008540: Processing PersistenceUnitInfo [name: default]
2026-03-21 13:05:01.244  INFO 10380 --- [demo] [main] org.hibernate.orm.core                   : HHH000001: Hibernate ORM core version 7.2.7.Final
2026-03-21 13:05:01.565  INFO 10380 --- [demo] [main] o.s.o.j.p.SpringPersistenceUnitInfo      : No LoadTimeWeaver setup: ignoring JPA class transformer
2026-03-21 13:05:01.593  INFO 10380 --- [demo] [main] com.zaxxer.hikari.HikariDataSource       : HikariPool-1 - Starting...
2026-03-21 13:05:01.722  INFO 10380 --- [demo] [main] com.zaxxer.hikari.pool.HikariPool        : HikariPool-1 - Added connection conn0: url=jdbc:h2:mem:db-test user=POSTGRES
2026-03-21 13:05:01.724  INFO 10380 --- [demo] [main] com.zaxxer.hikari.HikariDataSource       : HikariPool-1 - Start completed.
2026-03-21 13:05:01.767  INFO 10380 --- [demo] [main] org.hibernate.orm.connections.pooling    : HHH10001005: Database info:
	Database JDBC URL [jdbc:h2:mem:db-test]
	Database driver: H2 JDBC Driver
	Database dialect: H2Dialect
	Database version: 2.4.240
	Default catalog/schema: DB-TEST/PUBLIC
	Autocommit mode: undefined/unknown
	Isolation level: READ_COMMITTED [default READ_COMMITTED]
	JDBC fetch size: 100
	Pool: DataSourceConnectionProvider
	Minimum pool size: undefined/unknown
	Maximum pool size: undefined/unknown
2026-03-21 13:05:02.438  INFO 10380 --- [demo] [main] org.hibernate.orm.core                   : HHH000489: No JTA platform available (set 'hibernate.transaction.jta.platform' to enable JTA platform integration)
2026-03-21 13:05:02.487  INFO 10380 --- [demo] [main] j.LocalContainerEntityManagerFactoryBean : Initialized JPA EntityManagerFactory for persistence unit 'default'
2026-03-21 13:05:02.539  INFO 10380 --- [demo] [main] o.s.d.j.r.query.QueryEnhancerFactories   : Hibernate is in classpath; If applicable, HQL parser will be used.
2026-03-21 13:05:02.728  WARN 10380 --- [demo] [main] JpaBaseConfiguration$JpaWebConfiguration : spring.jpa.open-in-view is enabled by default. Therefore, database queries may be performed during view rendering. Explicitly configure spring.jpa.open-in-view to disable this warning
2026-03-21 13:05:02.922  INFO 10380 --- [demo] [main] o.s.b.h.a.H2ConsoleAutoConfiguration     : H2 console available at '/h2-console'. Database available at 'jdbc:h2:mem:db-test'
2026-03-21 13:05:02.983  INFO 10380 --- [demo] [main] o.s.boot.tomcat.TomcatWebServer          : Tomcat started on port 8081 (http) with context path '/compunet2-2026'
2026-03-21 13:05:02.987  INFO 10380 --- [demo] [main] com.example.demo.DemoApplication         : Started DemoApplication in 3.075 seconds (process running for 3.441)
2026-03-21 13:06:11.979  INFO 10380 --- [demo] [SpringApplicationShutdownHook] o.s.boot.tomcat.GracefulShutdown         : Commencing graceful shutdown. Waiting for active requests to complete
2026-03-21 13:06:12.062  INFO 10380 --- [demo] [tomcat-shutdown] o.s.boot.tomcat.GracefulShutdown         : Graceful shutdown complete
2026-03-21 13:06:12.065  INFO 10380 --- [demo] [SpringApplicationShutdownHook] j.LocalContainerEntityManagerFactoryBean : Closing JPA EntityManagerFactory for persistence unit 'default'
2026-03-21 13:06:12.069  INFO 10380 --- [demo] [SpringApplicationShutdownHook] com.zaxxer.hikari.HikariDataSource       : HikariPool-1 - Shutdown initiated...
2026-03-21 13:06:12.070  INFO 10380 --- [demo] [SpringApplicationShutdownHook] com.zaxxer.hikari.HikariDataSource       : HikariPool-1 - Shutdown completed.
2026-03-21 13:06:19.987  INFO 8212 --- [demo] [main] com.example.demo.DemoApplication         : Starting DemoApplication using Java 17.0.11 with PID 8212 (F:\Universidad\Docencia ICESI\Computación en Internet 2\2026 01\parcial-jpa-avion\target\classes started by Kelocoes in F:\Universidad\Docencia ICESI\Computación en Internet 2\2026 01\parcial-jpa-avion)
2026-03-21 13:06:19.989  INFO 8212 --- [demo] [main] com.example.demo.DemoApplication         : No active profile set, falling back to 1 default profile: "default"
2026-03-21 13:06:20.374  INFO 8212 --- [demo] [main] .s.d.r.c.RepositoryConfigurationDelegate : Bootstrapping Spring Data JPA repositories in DEFAULT mode.
2026-03-21 13:06:20.424  INFO 8212 --- [demo] [main] .s.d.r.c.RepositoryConfigurationDelegate : Finished Spring Data repository scanning in 42 ms. Found 6 JPA repository interfaces.
2026-03-21 13:06:20.757  INFO 8212 --- [demo] [main] o.s.boot.tomcat.TomcatWebServer          : Tomcat initialized with port 8081 (http)
2026-03-21 13:06:20.767  INFO 8212 --- [demo] [main] o.apache.catalina.core.StandardService   : Starting service [Tomcat]
2026-03-21 13:06:20.767  INFO 8212 --- [demo] [main] o.apache.catalina.core.StandardEngine    : Starting Servlet engine: [Apache Tomcat/11.0.18]
2026-03-21 13:06:20.821  INFO 8212 --- [demo] [main] b.w.c.s.WebApplicationContextInitializer : Root WebApplicationContext: initialization completed in 799 ms
2026-03-21 13:06:20.933  INFO 8212 --- [demo] [main] org.hibernate.orm.jpa                    : HHH008540: Processing PersistenceUnitInfo [name: default]
2026-03-21 13:06:20.980  INFO 8212 --- [demo] [main] org.hibernate.orm.core                   : HHH000001: Hibernate ORM core version 7.2.7.Final
2026-03-21 13:06:21.304  INFO 8212 --- [demo] [main] o.s.o.j.p.SpringPersistenceUnitInfo      : No LoadTimeWeaver setup: ignoring JPA class transformer
2026-03-21 13:06:21.331  INFO 8212 --- [demo] [main] com.zaxxer.hikari.HikariDataSource       : HikariPool-1 - Starting...
2026-03-21 13:06:21.461  INFO 8212 --- [demo] [main] com.zaxxer.hikari.pool.HikariPool        : HikariPool-1 - Added connection conn0: url=jdbc:h2:mem:db-test user=POSTGRES
2026-03-21 13:06:21.463  INFO 8212 --- [demo] [main] com.zaxxer.hikari.HikariDataSource       : HikariPool-1 - Start completed.
2026-03-21 13:06:21.507  INFO 8212 --- [demo] [main] org.hibernate.orm.connections.pooling    : HHH10001005: Database info:
	Database JDBC URL [jdbc:h2:mem:db-test]
	Database driver: H2 JDBC Driver
	Database dialect: H2Dialect
	Database version: 2.4.240
	Default catalog/schema: DB-TEST/PUBLIC
	Autocommit mode: undefined/unknown
	Isolation level: READ_COMMITTED [default READ_COMMITTED]
	JDBC fetch size: 100
	Pool: DataSourceConnectionProvider
	Minimum pool size: undefined/unknown
	Maximum pool size: undefined/unknown
2026-03-21 13:06:22.176  INFO 8212 --- [demo] [main] org.hibernate.orm.core                   : HHH000489: No JTA platform available (set 'hibernate.transaction.jta.platform' to enable JTA platform integration)
2026-03-21 13:06:22.226  INFO 8212 --- [demo] [main] j.LocalContainerEntityManagerFactoryBean : Initialized JPA EntityManagerFactory for persistence unit 'default'
2026-03-21 13:06:22.281  INFO 8212 --- [demo] [main] o.s.d.j.r.query.QueryEnhancerFactories   : Hibernate is in classpath; If applicable, HQL parser will be used.
2026-03-21 13:06:22.453  WARN 8212 --- [demo] [main] JpaBaseConfiguration$JpaWebConfiguration : spring.jpa.open-in-view is enabled by default. Therefore, database queries may be performed during view rendering. Explicitly configure spring.jpa.open-in-view to disable this warning
2026-03-21 13:06:22.628  INFO 8212 --- [demo] [main] o.s.b.h.a.H2ConsoleAutoConfiguration     : H2 console available at '/h2-console'. Database available at 'jdbc:h2:mem:db-test'
2026-03-21 13:06:22.686  INFO 8212 --- [demo] [main] o.s.boot.tomcat.TomcatWebServer          : Tomcat started on port 8081 (http) with context path '/compunet2-2026'
2026-03-21 13:06:22.690  INFO 8212 --- [demo] [main] com.example.demo.DemoApplication         : Started DemoApplication in 3.039 seconds (process running for 3.344)
2026-03-21 13:06:35.380  INFO 8212 --- [demo] [http-nio-8081-exec-1] o.a.c.c.C.[.[.[/compunet2-2026]          : Initializing Spring DispatcherServlet 'dispatcherServlet'
2026-03-21 13:06:35.381  INFO 8212 --- [demo] [http-nio-8081-exec-1] o.s.web.servlet.DispatcherServlet        : Initializing Servlet 'dispatcherServlet'
2026-03-21 13:06:35.382  INFO 8212 --- [demo] [http-nio-8081-exec-1] o.s.web.servlet.DispatcherServlet        : Completed initialization in 1 ms
2026-03-21 13:07:21.612  INFO 8212 --- [demo] [SpringApplicationShutdownHook] o.s.boot.tomcat.GracefulShutdown         : Commencing graceful shutdown. Waiting for active requests to complete
2026-03-21 13:07:21.699  INFO 8212 --- [demo] [tomcat-shutdown] o.s.boot.tomcat.GracefulShutdown         : Graceful shutdown complete
2026-03-21 13:07:21.702  INFO 8212 --- [demo] [SpringApplicationShutdownHook] j.LocalContainerEntityManagerFactoryBean : Closing JPA EntityManagerFactory for persistence unit 'default'
2026-03-21 13:07:21.707  INFO 8212 --- [demo] [SpringApplicationShutdownHook] com.zaxxer.hikari.HikariDataSource       : HikariPool-1 - Shutdown initiated...
2026-03-21 13:07:21.707  INFO 8212 --- [demo] [SpringApplicationShutdownHook] com.zaxxer.hikari.HikariDataSource       : HikariPool-1 - Shutdown completed.
2026-03-21 13:12:56.317  INFO 1388 --- [demo] [main] com.example.demo.DemoApplication         : Starting DemoApplication using Java 17.0.11 with PID 1388 (F:\Universidad\Docencia ICESI\Computación en Internet 2\2026 01\parcial-jpa-avion\target\classes started by Kelocoes in F:\Universidad\Docencia ICESI\Computación en Internet 2\2026 01\parcial-jpa-avion)
2026-03-21 13:12:56.319  INFO 1388 --- [demo] [main] com.example.demo.DemoApplication         : No active profile set, falling back to 1 default profile: "default"
2026-03-21 13:12:56.711  INFO 1388 --- [demo] [main] .s.d.r.c.RepositoryConfigurationDelegate : Bootstrapping Spring Data JPA repositories in DEFAULT mode.
2026-03-21 13:12:56.760  INFO 1388 --- [demo] [main] .s.d.r.c.RepositoryConfigurationDelegate : Finished Spring Data repository scanning in 42 ms. Found 6 JPA repository interfaces.
2026-03-21 13:12:57.117  INFO 1388 --- [demo] [main] o.s.boot.tomcat.TomcatWebServer          : Tomcat initialized with port 8081 (http)
2026-03-21 13:12:57.128  INFO 1388 --- [demo] [main] o.apache.catalina.core.StandardService   : Starting service [Tomcat]
2026-03-21 13:12:57.129  INFO 1388 --- [demo] [main] o.apache.catalina.core.StandardEngine    : Starting Servlet engine: [Apache Tomcat/11.0.18]
2026-03-21 13:12:57.183  INFO 1388 --- [demo] [main] b.w.c.s.WebApplicationContextInitializer : Root WebApplicationContext: initialization completed in 829 ms
2026-03-21 13:12:57.302  INFO 1388 --- [demo] [main] org.hibernate.orm.jpa                    : HHH008540: Processing PersistenceUnitInfo [name: default]
2026-03-21 13:12:57.350  INFO 1388 --- [demo] [main] org.hibernate.orm.core                   : HHH000001: Hibernate ORM core version 7.2.7.Final
2026-03-21 13:12:57.681  INFO 1388 --- [demo] [main] o.s.o.j.p.SpringPersistenceUnitInfo      : No LoadTimeWeaver setup: ignoring JPA class transformer
2026-03-21 13:12:57.708  INFO 1388 --- [demo] [main] com.zaxxer.hikari.HikariDataSource       : HikariPool-1 - Starting...
2026-03-21 13:12:57.840  INFO 1388 --- [demo] [main] com.zaxxer.hikari.pool.HikariPool        : HikariPool-1 - Added connection conn0: url=jdbc:h2:mem:db-test user=POSTGRES
2026-03-21 13:12:57.842  INFO 1388 --- [demo] [main] com.zaxxer.hikari.HikariDataSource       : HikariPool-1 - Start completed.
2026-03-21 13:12:57.887  INFO 1388 --- [demo] [main] org.hibernate.orm.connections.pooling    : HHH10001005: Database info:
	Database JDBC URL [jdbc:h2:mem:db-test]
	Database driver: H2 JDBC Driver
	Database dialect: H2Dialect
	Database version: 2.4.240
	Default catalog/schema: DB-TEST/PUBLIC
	Autocommit mode: undefined/unknown
	Isolation level: READ_COMMITTED [default READ_COMMITTED]
	JDBC fetch size: 100
	Pool: DataSourceConnectionProvider
	Minimum pool size: undefined/unknown
	Maximum pool size: undefined/unknown
2026-03-21 13:12:58.682  INFO 1388 --- [demo] [main] org.hibernate.orm.core                   : HHH000489: No JTA platform available (set 'hibernate.transaction.jta.platform' to enable JTA platform integration)
2026-03-21 13:12:58.733  INFO 1388 --- [demo] [main] j.LocalContainerEntityManagerFactoryBean : Initialized JPA EntityManagerFactory for persistence unit 'default'
2026-03-21 13:12:58.785  INFO 1388 --- [demo] [main] o.s.d.j.r.query.QueryEnhancerFactories   : Hibernate is in classpath; If applicable, HQL parser will be used.
2026-03-21 13:12:58.956  WARN 1388 --- [demo] [main] JpaBaseConfiguration$JpaWebConfiguration : spring.jpa.open-in-view is enabled by default. Therefore, database queries may be performed during view rendering. Explicitly configure spring.jpa.open-in-view to disable this warning
2026-03-21 13:12:59.149  INFO 1388 --- [demo] [main] o.s.b.h.a.H2ConsoleAutoConfiguration     : H2 console available at '/h2-console'. Database available at 'jdbc:h2:mem:db-test'
2026-03-21 13:12:59.216  INFO 1388 --- [demo] [main] o.s.boot.tomcat.TomcatWebServer          : Tomcat started on port 8081 (http) with context path '/compunet2-2026'
2026-03-21 13:12:59.221  INFO 1388 --- [demo] [main] com.example.demo.DemoApplication         : Started DemoApplication in 3.238 seconds (process running for 3.556)
2026-03-21 13:13:01.654  INFO 1388 --- [demo] [http-nio-8081-exec-1] o.a.c.c.C.[.[.[/compunet2-2026]          : Initializing Spring DispatcherServlet 'dispatcherServlet'
2026-03-21 13:13:01.655  INFO 1388 --- [demo] [http-nio-8081-exec-1] o.s.web.servlet.DispatcherServlet        : Initializing Servlet 'dispatcherServlet'
2026-03-21 13:13:01.656  INFO 1388 --- [demo] [http-nio-8081-exec-1] o.s.web.servlet.DispatcherServlet        : Completed initialization in 1 ms
2026-03-21 13:13:01.969  WARN 1388 --- [demo] [http-nio-8081-exec-1] org.hibernate.orm.jdbc.error             : HHH000247: ErrorCode: 90068, SQLState: 90068
2026-03-21 13:13:01.969  WARN 1388 --- [demo] [http-nio-8081-exec-1] org.hibernate.orm.jdbc.error             : Expresión Order by "AF1_0.ESTIMATED_PASSENGERS" debe estar en la lista de campos a devolver en este caso
Order by expression "AF1_0.ESTIMATED_PASSENGERS" must be in the result list in this case; SQL statement:
select distinct a1_0.id,a1_0.city,a1_0.country,a1_0.iata_code,a1_0.name from airports a1_0 left join flights af1_0 on a1_0.id=af1_0.destination_airport_id where af1_0.departure_date between ? and ? order by af1_0.estimated_passengers desc fetch first ? rows only [90068-240]
2026-03-21 13:13:01.978 ERROR 1388 --- [demo] [http-nio-8081-exec-1] o.a.c.c.C.[.[.[.[dispatcherServlet]      : Servlet.service() for servlet [dispatcherServlet] in context with path [/compunet2-2026] threw exception [Request processing failed: org.springframework.dao.InvalidDataAccessResourceUsageException: Could not prepare statement [Expresión Order by "AF1_0.ESTIMATED_PASSENGERS" debe estar en la lista de campos a devolver en este caso
Order by expression "AF1_0.ESTIMATED_PASSENGERS" must be in the result list in this case; SQL statement:
select distinct a1_0.id,a1_0.city,a1_0.country,a1_0.iata_code,a1_0.name from airports a1_0 left join flights af1_0 on a1_0.id=af1_0.destination_airport_id where af1_0.departure_date between ? and ? order by af1_0.estimated_passengers desc fetch first ? rows only [90068-240]] [select distinct a1_0.id,a1_0.city,a1_0.country,a1_0.iata_code,a1_0.name from airports a1_0 left join flights af1_0 on a1_0.id=af1_0.destination_airport_id where af1_0.departure_date between ? and ? order by af1_0.estimated_passengers desc fetch first ? rows only]; SQL [select distinct a1_0.id,a1_0.city,a1_0.country,a1_0.iata_code,a1_0.name from airports a1_0 left join flights af1_0 on a1_0.id=af1_0.destination_airport_id where af1_0.departure_date between ? and ? order by af1_0.estimated_passengers desc fetch first ? rows only]] with root cause

org.h2.jdbc.JdbcSQLSyntaxErrorException: Expresión Order by "AF1_0.ESTIMATED_PASSENGERS" debe estar en la lista de campos a devolver en este caso
Order by expression "AF1_0.ESTIMATED_PASSENGERS" must be in the result list in this case; SQL statement:
select distinct a1_0.id,a1_0.city,a1_0.country,a1_0.iata_code,a1_0.name from airports a1_0 left join flights af1_0 on a1_0.id=af1_0.destination_airport_id where af1_0.departure_date between ? and ? order by af1_0.estimated_passengers desc fetch first ? rows only [90068-240]
	at org.h2.message.DbException.getJdbcSQLException(DbException.java:644) ~[h2-2.4.240.jar:2.4.240]
	at org.h2.message.DbException.getJdbcSQLException(DbException.java:489) ~[h2-2.4.240.jar:2.4.240]
	at org.h2.message.DbException.get(DbException.java:223) ~[h2-2.4.240.jar:2.4.240]
	at org.h2.message.DbException.get(DbException.java:199) ~[h2-2.4.240.jar:2.4.240]
	at org.h2.command.query.Query.initExpression(Query.java:725) ~[h2-2.4.240.jar:2.4.240]
	at org.h2.command.query.Query.initOrder(Query.java:642) ~[h2-2.4.240.jar:2.4.240]
	at org.h2.command.query.Select.init(Select.java:1051) ~[h2-2.4.240.jar:2.4.240]
	at org.h2.command.Parser.parseQuery(Parser.java:2485) ~[h2-2.4.240.jar:2.4.240]
	at org.h2.command.Parser.parsePrepared(Parser.java:613) ~[h2-2.4.240.jar:2.4.240]
	at org.h2.command.Parser.parse(Parser.java:584) ~[h2-2.4.240.jar:2.4.240]
	at org.h2.command.Parser.parse(Parser.java:559) ~[h2-2.4.240.jar:2.4.240]
	at org.h2.command.Parser.prepareCommand(Parser.java:487) ~[h2-2.4.240.jar:2.4.240]
	at org.h2.engine.SessionLocal.prepareLocal(SessionLocal.java:647) ~[h2-2.4.240.jar:2.4.240]
	at org.h2.engine.SessionLocal.prepareCommand(SessionLocal.java:563) ~[h2-2.4.240.jar:2.4.240]
	at org.h2.jdbc.JdbcConnection.prepareCommand(JdbcConnection.java:1160) ~[h2-2.4.240.jar:2.4.240]
	at org.h2.jdbc.JdbcPreparedStatement.<init>(JdbcPreparedStatement.java:93) ~[h2-2.4.240.jar:2.4.240]
	at org.h2.jdbc.JdbcConnection.prepareStatement(JdbcConnection.java:686) ~[h2-2.4.240.jar:2.4.240]
	at com.zaxxer.hikari.pool.ProxyConnection.prepareStatement(ProxyConnection.java:342) ~[HikariCP-7.0.2.jar:na]
	at com.zaxxer.hikari.pool.HikariProxyConnection.prepareStatement(HikariProxyConnection.java) ~[HikariCP-7.0.2.jar:na]
	at org.hibernate.engine.jdbc.internal.StatementPreparerImpl$4.doPrepare(StatementPreparerImpl.java:155) ~[hibernate-core-7.2.7.Final.jar:7.2.7.Final]
	at org.hibernate.engine.jdbc.internal.StatementPreparerImpl$StatementPreparationTemplate.prepareStatement(StatementPreparerImpl.java:183) ~[hibernate-core-7.2.7.Final.jar:7.2.7.Final]
	at org.hibernate.engine.jdbc.internal.StatementPreparerImpl.prepareQueryStatement(StatementPreparerImpl.java:157) ~[hibernate-core-7.2.7.Final.jar:7.2.7.Final]
	at org.hibernate.sql.exec.internal.StandardStatementCreator.createStatement(StandardStatementCreator.java:46) ~[hibernate-core-7.2.7.Final.jar:7.2.7.Final]
	at org.hibernate.sql.results.jdbc.internal.DeferredResultSetAccess.executeQuery(DeferredResultSetAccess.java:257) ~[hibernate-core-7.2.7.Final.jar:7.2.7.Final]
	at org.hibernate.sql.results.jdbc.internal.DeferredResultSetAccess.getResultSet(DeferredResultSetAccess.java:190) ~[hibernate-core-7.2.7.Final.jar:7.2.7.Final]
	at org.hibernate.sql.results.jdbc.internal.JdbcValuesResultSetImpl.<init>(JdbcValuesResultSetImpl.java:71) ~[hibernate-core-7.2.7.Final.jar:7.2.7.Final]
	at org.hibernate.sql.exec.internal.JdbcSelectExecutorStandardImpl.resolveJdbcValues(JdbcSelectExecutorStandardImpl.java:393) ~[hibernate-core-7.2.7.Final.jar:7.2.7.Final]
	at org.hibernate.sql.exec.internal.JdbcSelectExecutorStandardImpl.resolveJdbcValuesSource(JdbcSelectExecutorStandardImpl.java:354) ~[hibernate-core-7.2.7.Final.jar:7.2.7.Final]
	at org.hibernate.sql.exec.internal.JdbcSelectExecutorStandardImpl.doExecuteQuery(JdbcSelectExecutorStandardImpl.java:135) ~[hibernate-core-7.2.7.Final.jar:7.2.7.Final]
	at org.hibernate.sql.exec.internal.JdbcSelectExecutorStandardImpl.executeQuery(JdbcSelectExecutorStandardImpl.java:100) ~[hibernate-core-7.2.7.Final.jar:7.2.7.Final]
	at org.hibernate.sql.exec.spi.JdbcSelectExecutor.executeQuery(JdbcSelectExecutor.java:63) ~[hibernate-core-7.2.7.Final.jar:7.2.7.Final]
	at org.hibernate.sql.exec.spi.JdbcSelectExecutor.list(JdbcSelectExecutor.java:137) ~[hibernate-core-7.2.7.Final.jar:7.2.7.Final]
	at org.hibernate.query.sqm.internal.ConcreteSqmSelectQueryPlan.lambda$new$1(ConcreteSqmSelectQueryPlan.java:128) ~[hibernate-core-7.2.7.Final.jar:7.2.7.Final]
	at org.hibernate.query.sqm.internal.ConcreteSqmSelectQueryPlan.withCacheableSqmInterpretation(ConcreteSqmSelectQueryPlan.java:427) ~[hibernate-core-7.2.7.Final.jar:7.2.7.Final]
	at org.hibernate.query.sqm.internal.ConcreteSqmSelectQueryPlan.performList(ConcreteSqmSelectQueryPlan.java:355) ~[hibernate-core-7.2.7.Final.jar:7.2.7.Final]
	at org.hibernate.query.sqm.internal.SqmQueryImpl.doList(SqmQueryImpl.java:374) ~[hibernate-core-7.2.7.Final.jar:7.2.7.Final]
	at org.hibernate.query.spi.AbstractSelectionQuery.list(AbstractSelectionQuery.java:153) ~[hibernate-core-7.2.7.Final.jar:7.2.7.Final]
	at org.hibernate.query.Query.getResultList(Query.java:121) ~[hibernate-core-7.2.7.Final.jar:7.2.7.Final]
	at org.springframework.data.jpa.repository.query.JpaQueryExecution$CollectionExecution.doExecute(JpaQueryExecution.java:132) ~[spring-data-jpa-4.0.4.jar:4.0.4]
	at org.springframework.data.jpa.repository.query.JpaQueryExecution.execute(JpaQueryExecution.java:99) ~[spring-data-jpa-4.0.4.jar:4.0.4]
	at org.springframework.data.jpa.repository.query.AbstractJpaQuery.doExecute(AbstractJpaQuery.java:164) ~[spring-data-jpa-4.0.4.jar:4.0.4]
	at org.springframework.data.jpa.repository.query.AbstractJpaQuery.execute(AbstractJpaQuery.java:154) ~[spring-data-jpa-4.0.4.jar:4.0.4]
	at org.springframework.data.repository.core.support.RepositoryMethodInvoker.doInvoke(RepositoryMethodInvoker.java:169) ~[spring-data-commons-4.0.4.jar:4.0.4]
	at org.springframework.data.repository.core.support.RepositoryMethodInvoker.invoke(RepositoryMethodInvoker.java:158) ~[spring-data-commons-4.0.4.jar:4.0.4]
	at org.springframework.data.repository.core.support.QueryExecutorMethodInterceptor.doInvoke(QueryExecutorMethodInterceptor.java:167) ~[spring-data-commons-4.0.4.jar:4.0.4]
	at org.springframework.data.repository.core.support.QueryExecutorMethodInterceptor.invoke(QueryExecutorMethodInterceptor.java:146) ~[spring-data-commons-4.0.4.jar:4.0.4]
	at org.springframework.aop.framework.ReflectiveMethodInvocation.proceed(ReflectiveMethodInvocation.java:179) ~[spring-aop-7.0.6.jar:7.0.6]
	at org.springframework.data.projection.DefaultMethodInvokingMethodInterceptor.invoke(DefaultMethodInvokingMethodInterceptor.java:69) ~[spring-data-commons-4.0.4.jar:4.0.4]
	at org.springframework.aop.framework.ReflectiveMethodInvocation.proceed(ReflectiveMethodInvocation.java:179) ~[spring-aop-7.0.6.jar:7.0.6]
	at org.springframework.transaction.interceptor.TransactionInterceptor$1.proceedWithInvocation(TransactionInterceptor.java:133) ~[spring-tx-7.0.6.jar:7.0.6]
	at org.springframework.transaction.interceptor.TransactionAspectSupport.invokeWithinTransaction(TransactionAspectSupport.java:371) ~[spring-tx-7.0.6.jar:7.0.6]
	at org.springframework.transaction.interceptor.TransactionInterceptor.invoke(TransactionInterceptor.java:130) ~[spring-tx-7.0.6.jar:7.0.6]
	at org.springframework.aop.framework.ReflectiveMethodInvocation.proceed(ReflectiveMethodInvocation.java:179) ~[spring-aop-7.0.6.jar:7.0.6]
	at org.springframework.dao.support.PersistenceExceptionTranslationInterceptor.invoke(PersistenceExceptionTranslationInterceptor.java:135) ~[spring-tx-7.0.6.jar:7.0.6]
	at org.springframework.aop.framework.ReflectiveMethodInvocation.proceed(ReflectiveMethodInvocation.java:179) ~[spring-aop-7.0.6.jar:7.0.6]
	at org.springframework.data.jpa.repository.support.CrudMethodMetadataPostProcessor$CrudMethodMetadataPopulatingMethodInterceptor.invoke(CrudMethodMetadataPostProcessor.java:137) ~[spring-data-jpa-4.0.4.jar:4.0.4]
	at org.springframework.aop.framework.ReflectiveMethodInvocation.proceed(ReflectiveMethodInvocation.java:179) ~[spring-aop-7.0.6.jar:7.0.6]
	at org.springframework.aop.framework.JdkDynamicAopProxy.invoke(JdkDynamicAopProxy.java:222) ~[spring-aop-7.0.6.jar:7.0.6]
	at jdk.proxy2/jdk.proxy2.$Proxy132.findDistinctTop5ByArrivingFlights_DepartureDateBetweenOrderByArrivingFlights_EstimatedPassengersDesc(Unknown Source) ~[na:na]
	at com.example.demo.controller.AirportController.findTop5AirportsWithMostPassengerArrivalsByDateRange(AirportController.java:37) ~[classes/:na]
	at java.base/jdk.internal.reflect.NativeMethodAccessorImpl.invoke0(Native Method) ~[na:na]
	at java.base/jdk.internal.reflect.NativeMethodAccessorImpl.invoke(NativeMethodAccessorImpl.java:77) ~[na:na]
	at java.base/jdk.internal.reflect.DelegatingMethodAccessorImpl.invoke(DelegatingMethodAccessorImpl.java:43) ~[na:na]
	at java.base/java.lang.reflect.Method.invoke(Method.java:568) ~[na:na]
	at org.springframework.web.method.support.InvocableHandlerMethod.doInvoke(InvocableHandlerMethod.java:252) ~[spring-web-7.0.6.jar:7.0.6]
	at org.springframework.web.method.support.InvocableHandlerMethod.invokeForRequest(InvocableHandlerMethod.java:184) ~[spring-web-7.0.6.jar:7.0.6]
	at org.springframework.web.servlet.mvc.method.annotation.ServletInvocableHandlerMethod.invokeAndHandle(ServletInvocableHandlerMethod.java:117) ~[spring-webmvc-7.0.6.jar:7.0.6]
	at org.springframework.web.servlet.mvc.method.annotation.RequestMappingHandlerAdapter.invokeHandlerMethod(RequestMappingHandlerAdapter.java:934) ~[spring-webmvc-7.0.6.jar:7.0.6]
	at org.springframework.web.servlet.mvc.method.annotation.RequestMappingHandlerAdapter.handleInternal(RequestMappingHandlerAdapter.java:853) ~[spring-webmvc-7.0.6.jar:7.0.6]
	at org.springframework.web.servlet.mvc.method.AbstractHandlerMethodAdapter.handle(AbstractHandlerMethodAdapter.java:86) ~[spring-webmvc-7.0.6.jar:7.0.6]
	at org.springframework.web.servlet.DispatcherServlet.doDispatch(DispatcherServlet.java:963) ~[spring-webmvc-7.0.6.jar:7.0.6]
	at org.springframework.web.servlet.DispatcherServlet.doService(DispatcherServlet.java:866) ~[spring-webmvc-7.0.6.jar:7.0.6]
	at org.springframework.web.servlet.FrameworkServlet.processRequest(FrameworkServlet.java:1000) ~[spring-webmvc-7.0.6.jar:7.0.6]
	at org.springframework.web.servlet.FrameworkServlet.doGet(FrameworkServlet.java:892) ~[spring-webmvc-7.0.6.jar:7.0.6]
	at jakarta.servlet.http.HttpServlet.service(HttpServlet.java:633) ~[jakarta.servlet-api-6.1.0.jar:6.1.0]
	at org.springframework.web.servlet.FrameworkServlet.service(FrameworkServlet.java:874) ~[spring-webmvc-7.0.6.jar:7.0.6]
	at jakarta.servlet.http.HttpServlet.service(HttpServlet.java:723) ~[jakarta.servlet-api-6.1.0.jar:6.1.0]
	at org.apache.catalina.core.ApplicationFilterChain.doFilter(ApplicationFilterChain.java:128) ~[tomcat-embed-core-11.0.18.jar:11.0.18]
	at org.apache.tomcat.websocket.server.WsFilter.doFilter(WsFilter.java:53) ~[tomcat-embed-websocket-11.0.18.jar:11.0.18]
	at org.apache.catalina.core.ApplicationFilterChain.doFilter(ApplicationFilterChain.java:107) ~[tomcat-embed-core-11.0.18.jar:11.0.18]
	at org.springframework.web.filter.RequestContextFilter.doFilterInternal(RequestContextFilter.java:100) ~[spring-web-7.0.6.jar:7.0.6]
	at org.springframework.web.filter.OncePerRequestFilter.doFilter(OncePerRequestFilter.java:116) ~[spring-web-7.0.6.jar:7.0.6]
	at org.apache.catalina.core.ApplicationFilterChain.doFilter(ApplicationFilterChain.java:107) ~[tomcat-embed-core-11.0.18.jar:11.0.18]
	at org.springframework.web.filter.FormContentFilter.doFilterInternal(FormContentFilter.java:93) ~[spring-web-7.0.6.jar:7.0.6]
	at org.springframework.web.filter.OncePerRequestFilter.doFilter(OncePerRequestFilter.java:116) ~[spring-web-7.0.6.jar:7.0.6]
	at org.apache.catalina.core.ApplicationFilterChain.doFilter(ApplicationFilterChain.java:107) ~[tomcat-embed-core-11.0.18.jar:11.0.18]
	at org.springframework.web.filter.CharacterEncodingFilter.doFilterInternal(CharacterEncodingFilter.java:199) ~[spring-web-7.0.6.jar:7.0.6]
	at org.springframework.web.filter.OncePerRequestFilter.doFilter(OncePerRequestFilter.java:116) ~[spring-web-7.0.6.jar:7.0.6]
	at org.apache.catalina.core.ApplicationFilterChain.doFilter(ApplicationFilterChain.java:107) ~[tomcat-embed-core-11.0.18.jar:11.0.18]
	at org.apache.catalina.core.StandardWrapperValve.invoke(StandardWrapperValve.java:165) ~[tomcat-embed-core-11.0.18.jar:11.0.18]
	at org.apache.catalina.core.StandardContextValve.invoke(StandardContextValve.java:77) ~[tomcat-embed-core-11.0.18.jar:11.0.18]
	at org.apache.catalina.authenticator.AuthenticatorBase.invoke(AuthenticatorBase.java:492) ~[tomcat-embed-core-11.0.18.jar:11.0.18]
	at org.apache.catalina.core.StandardHostValve.invoke(StandardHostValve.java:113) ~[tomcat-embed-core-11.0.18.jar:11.0.18]
	at org.apache.catalina.valves.ErrorReportValve.invoke(ErrorReportValve.java:83) ~[tomcat-embed-core-11.0.18.jar:11.0.18]
	at org.apache.catalina.core.StandardEngineValve.invoke(StandardEngineValve.java:72) ~[tomcat-embed-core-11.0.18.jar:11.0.18]
	at org.apache.catalina.connector.CoyoteAdapter.service(CoyoteAdapter.java:341) ~[tomcat-embed-core-11.0.18.jar:11.0.18]
	at org.apache.coyote.http11.Http11Processor.service(Http11Processor.java:397) ~[tomcat-embed-core-11.0.18.jar:11.0.18]
	at org.apache.coyote.AbstractProcessorLight.process(AbstractProcessorLight.java:63) ~[tomcat-embed-core-11.0.18.jar:11.0.18]
	at org.apache.coyote.AbstractProtocol$ConnectionHandler.process(AbstractProtocol.java:903) ~[tomcat-embed-core-11.0.18.jar:11.0.18]
	at org.apache.tomcat.util.net.NioEndpoint$SocketProcessor.doRun(NioEndpoint.java:1779) ~[tomcat-embed-core-11.0.18.jar:11.0.18]
	at org.apache.tomcat.util.net.SocketProcessorBase.run(SocketProcessorBase.java:52) ~[tomcat-embed-core-11.0.18.jar:11.0.18]
	at org.apache.tomcat.util.threads.ThreadPoolExecutor.runWorker(ThreadPoolExecutor.java:946) ~[tomcat-embed-core-11.0.18.jar:11.0.18]
	at org.apache.tomcat.util.threads.ThreadPoolExecutor$Worker.run(ThreadPoolExecutor.java:480) ~[tomcat-embed-core-11.0.18.jar:11.0.18]
	at org.apache.tomcat.util.threads.TaskThread$WrappingRunnable.run(TaskThread.java:57) ~[tomcat-embed-core-11.0.18.jar:11.0.18]
	at java.base/java.lang.Thread.run(Thread.java:842) ~[na:na]

2026-03-21 13:14:11.114  INFO 1388 --- [demo] [SpringApplicationShutdownHook] o.s.boot.tomcat.GracefulShutdown         : Commencing graceful shutdown. Waiting for active requests to complete
2026-03-21 13:14:11.203  INFO 1388 --- [demo] [tomcat-shutdown] o.s.boot.tomcat.GracefulShutdown         : Graceful shutdown complete
2026-03-21 13:14:11.208  INFO 1388 --- [demo] [SpringApplicationShutdownHook] j.LocalContainerEntityManagerFactoryBean : Closing JPA EntityManagerFactory for persistence unit 'default'
2026-03-21 13:14:11.211  INFO 1388 --- [demo] [SpringApplicationShutdownHook] com.zaxxer.hikari.HikariDataSource       : HikariPool-1 - Shutdown initiated...
2026-03-21 13:14:11.213  INFO 1388 --- [demo] [SpringApplicationShutdownHook] com.zaxxer.hikari.HikariDataSource       : HikariPool-1 - Shutdown completed.
2026-03-21 13:14:18.940  INFO 23568 --- [demo] [main] com.example.demo.DemoApplication         : Starting DemoApplication using Java 17.0.11 with PID 23568 (F:\Universidad\Docencia ICESI\Computación en Internet 2\2026 01\parcial-jpa-avion\target\classes started by Kelocoes in F:\Universidad\Docencia ICESI\Computación en Internet 2\2026 01\parcial-jpa-avion)
2026-03-21 13:14:18.943  INFO 23568 --- [demo] [main] com.example.demo.DemoApplication         : No active profile set, falling back to 1 default profile: "default"
2026-03-21 13:14:19.325  INFO 23568 --- [demo] [main] .s.d.r.c.RepositoryConfigurationDelegate : Bootstrapping Spring Data JPA repositories in DEFAULT mode.
2026-03-21 13:14:19.374  INFO 23568 --- [demo] [main] .s.d.r.c.RepositoryConfigurationDelegate : Finished Spring Data repository scanning in 43 ms. Found 6 JPA repository interfaces.
2026-03-21 13:14:19.732  INFO 23568 --- [demo] [main] o.s.boot.tomcat.TomcatWebServer          : Tomcat initialized with port 8081 (http)
2026-03-21 13:14:19.744  INFO 23568 --- [demo] [main] o.apache.catalina.core.StandardService   : Starting service [Tomcat]
2026-03-21 13:14:19.744  INFO 23568 --- [demo] [main] o.apache.catalina.core.StandardEngine    : Starting Servlet engine: [Apache Tomcat/11.0.18]
2026-03-21 13:14:19.801  INFO 23568 --- [demo] [main] b.w.c.s.WebApplicationContextInitializer : Root WebApplicationContext: initialization completed in 825 ms
2026-03-21 13:14:19.931  INFO 23568 --- [demo] [main] org.hibernate.orm.jpa                    : HHH008540: Processing PersistenceUnitInfo [name: default]
2026-03-21 13:14:19.975  INFO 23568 --- [demo] [main] org.hibernate.orm.core                   : HHH000001: Hibernate ORM core version 7.2.7.Final
2026-03-21 13:14:20.339  INFO 23568 --- [demo] [main] o.s.o.j.p.SpringPersistenceUnitInfo      : No LoadTimeWeaver setup: ignoring JPA class transformer
2026-03-21 13:14:20.368  INFO 23568 --- [demo] [main] com.zaxxer.hikari.HikariDataSource       : HikariPool-1 - Starting...
2026-03-21 13:14:20.496  INFO 23568 --- [demo] [main] com.zaxxer.hikari.pool.HikariPool        : HikariPool-1 - Added connection conn0: url=jdbc:h2:mem:db-test user=POSTGRES
2026-03-21 13:14:20.497  INFO 23568 --- [demo] [main] com.zaxxer.hikari.HikariDataSource       : HikariPool-1 - Start completed.
2026-03-21 13:14:20.543  INFO 23568 --- [demo] [main] org.hibernate.orm.connections.pooling    : HHH10001005: Database info:
	Database JDBC URL [jdbc:h2:mem:db-test]
	Database driver: H2 JDBC Driver
	Database dialect: H2Dialect
	Database version: 2.4.240
	Default catalog/schema: DB-TEST/PUBLIC
	Autocommit mode: undefined/unknown
	Isolation level: READ_COMMITTED [default READ_COMMITTED]
	JDBC fetch size: 100
	Pool: DataSourceConnectionProvider
	Minimum pool size: undefined/unknown
	Maximum pool size: undefined/unknown
2026-03-21 13:14:21.204  INFO 23568 --- [demo] [main] org.hibernate.orm.core                   : HHH000489: No JTA platform available (set 'hibernate.transaction.jta.platform' to enable JTA platform integration)
2026-03-21 13:14:21.256  INFO 23568 --- [demo] [main] j.LocalContainerEntityManagerFactoryBean : Initialized JPA EntityManagerFactory for persistence unit 'default'
2026-03-21 13:14:21.307  INFO 23568 --- [demo] [main] o.s.d.j.r.query.QueryEnhancerFactories   : Hibernate is in classpath; If applicable, HQL parser will be used.
2026-03-21 13:14:21.477  WARN 23568 --- [demo] [main] JpaBaseConfiguration$JpaWebConfiguration : spring.jpa.open-in-view is enabled by default. Therefore, database queries may be performed during view rendering. Explicitly configure spring.jpa.open-in-view to disable this warning
2026-03-21 13:14:21.652  INFO 23568 --- [demo] [main] o.s.b.h.a.H2ConsoleAutoConfiguration     : H2 console available at '/h2-console'. Database available at 'jdbc:h2:mem:db-test'
2026-03-21 13:14:21.711  INFO 23568 --- [demo] [main] o.s.boot.tomcat.TomcatWebServer          : Tomcat started on port 8081 (http) with context path '/compunet2-2026'
2026-03-21 13:14:21.714  INFO 23568 --- [demo] [main] com.example.demo.DemoApplication         : Started DemoApplication in 3.103 seconds (process running for 3.412)
2026-03-21 13:14:23.372  INFO 23568 --- [demo] [http-nio-8081-exec-1] o.a.c.c.C.[.[.[/compunet2-2026]          : Initializing Spring DispatcherServlet 'dispatcherServlet'
2026-03-21 13:14:23.372  INFO 23568 --- [demo] [http-nio-8081-exec-1] o.s.web.servlet.DispatcherServlet        : Initializing Servlet 'dispatcherServlet'
2026-03-21 13:14:23.373  INFO 23568 --- [demo] [http-nio-8081-exec-1] o.s.web.servlet.DispatcherServlet        : Completed initialization in 1 ms
2026-03-21 13:16:36.252  INFO 23568 --- [demo] [SpringApplicationShutdownHook] o.s.boot.tomcat.GracefulShutdown         : Commencing graceful shutdown. Waiting for active requests to complete
2026-03-21 13:16:36.339  INFO 23568 --- [demo] [tomcat-shutdown] o.s.boot.tomcat.GracefulShutdown         : Graceful shutdown complete
2026-03-21 13:16:36.341  INFO 23568 --- [demo] [SpringApplicationShutdownHook] j.LocalContainerEntityManagerFactoryBean : Closing JPA EntityManagerFactory for persistence unit 'default'
2026-03-21 13:16:36.346  INFO 23568 --- [demo] [SpringApplicationShutdownHook] com.zaxxer.hikari.HikariDataSource       : HikariPool-1 - Shutdown initiated...
2026-03-21 13:16:36.347  INFO 23568 --- [demo] [SpringApplicationShutdownHook] com.zaxxer.hikari.HikariDataSource       : HikariPool-1 - Shutdown completed.
2026-03-21 13:16:44.340  INFO 23648 --- [demo] [main] com.example.demo.DemoApplication         : Starting DemoApplication using Java 17.0.11 with PID 23648 (F:\Universidad\Docencia ICESI\Computación en Internet 2\2026 01\parcial-jpa-avion\target\classes started by Kelocoes in F:\Universidad\Docencia ICESI\Computación en Internet 2\2026 01\parcial-jpa-avion)
2026-03-21 13:16:44.343  INFO 23648 --- [demo] [main] com.example.demo.DemoApplication         : No active profile set, falling back to 1 default profile: "default"
2026-03-21 13:16:44.729  INFO 23648 --- [demo] [main] .s.d.r.c.RepositoryConfigurationDelegate : Bootstrapping Spring Data JPA repositories in DEFAULT mode.
2026-03-21 13:16:44.778  INFO 23648 --- [demo] [main] .s.d.r.c.RepositoryConfigurationDelegate : Finished Spring Data repository scanning in 41 ms. Found 6 JPA repository interfaces.
2026-03-21 13:16:45.138  INFO 23648 --- [demo] [main] o.s.boot.tomcat.TomcatWebServer          : Tomcat initialized with port 8081 (http)
2026-03-21 13:16:45.148  INFO 23648 --- [demo] [main] o.apache.catalina.core.StandardService   : Starting service [Tomcat]
2026-03-21 13:16:45.148  INFO 23648 --- [demo] [main] o.apache.catalina.core.StandardEngine    : Starting Servlet engine: [Apache Tomcat/11.0.18]
2026-03-21 13:16:45.202  INFO 23648 --- [demo] [main] b.w.c.s.WebApplicationContextInitializer : Root WebApplicationContext: initialization completed in 826 ms
2026-03-21 13:16:45.314  INFO 23648 --- [demo] [main] org.hibernate.orm.jpa                    : HHH008540: Processing PersistenceUnitInfo [name: default]
2026-03-21 13:16:45.358  INFO 23648 --- [demo] [main] org.hibernate.orm.core                   : HHH000001: Hibernate ORM core version 7.2.7.Final
2026-03-21 13:16:45.685  INFO 23648 --- [demo] [main] o.s.o.j.p.SpringPersistenceUnitInfo      : No LoadTimeWeaver setup: ignoring JPA class transformer
2026-03-21 13:16:45.711  INFO 23648 --- [demo] [main] com.zaxxer.hikari.HikariDataSource       : HikariPool-1 - Starting...
2026-03-21 13:16:45.844  INFO 23648 --- [demo] [main] com.zaxxer.hikari.pool.HikariPool        : HikariPool-1 - Added connection conn0: url=jdbc:h2:mem:db-test user=POSTGRES
2026-03-21 13:16:45.846  INFO 23648 --- [demo] [main] com.zaxxer.hikari.HikariDataSource       : HikariPool-1 - Start completed.
2026-03-21 13:16:45.891  INFO 23648 --- [demo] [main] org.hibernate.orm.connections.pooling    : HHH10001005: Database info:
	Database JDBC URL [jdbc:h2:mem:db-test]
	Database driver: H2 JDBC Driver
	Database dialect: H2Dialect
	Database version: 2.4.240
	Default catalog/schema: DB-TEST/PUBLIC
	Autocommit mode: undefined/unknown
	Isolation level: READ_COMMITTED [default READ_COMMITTED]
	JDBC fetch size: 100
	Pool: DataSourceConnectionProvider
	Minimum pool size: undefined/unknown
	Maximum pool size: undefined/unknown
2026-03-21 13:16:46.596  INFO 23648 --- [demo] [main] org.hibernate.orm.core                   : HHH000489: No JTA platform available (set 'hibernate.transaction.jta.platform' to enable JTA platform integration)
2026-03-21 13:16:46.647  INFO 23648 --- [demo] [main] j.LocalContainerEntityManagerFactoryBean : Initialized JPA EntityManagerFactory for persistence unit 'default'
2026-03-21 13:16:46.697  INFO 23648 --- [demo] [main] o.s.d.j.r.query.QueryEnhancerFactories   : Hibernate is in classpath; If applicable, HQL parser will be used.
2026-03-21 13:16:46.876  WARN 23648 --- [demo] [main] JpaBaseConfiguration$JpaWebConfiguration : spring.jpa.open-in-view is enabled by default. Therefore, database queries may be performed during view rendering. Explicitly configure spring.jpa.open-in-view to disable this warning
2026-03-21 13:16:47.053  INFO 23648 --- [demo] [main] o.s.b.h.a.H2ConsoleAutoConfiguration     : H2 console available at '/h2-console'. Database available at 'jdbc:h2:mem:db-test'
2026-03-21 13:16:47.116  INFO 23648 --- [demo] [main] o.s.boot.tomcat.TomcatWebServer          : Tomcat started on port 8081 (http) with context path '/compunet2-2026'
2026-03-21 13:16:47.121  INFO 23648 --- [demo] [main] com.example.demo.DemoApplication         : Started DemoApplication in 3.109 seconds (process running for 3.428)
2026-03-21 13:16:48.315  INFO 23648 --- [demo] [http-nio-8081-exec-1] o.a.c.c.C.[.[.[/compunet2-2026]          : Initializing Spring DispatcherServlet 'dispatcherServlet'
2026-03-21 13:16:48.315  INFO 23648 --- [demo] [http-nio-8081-exec-1] o.s.web.servlet.DispatcherServlet        : Initializing Servlet 'dispatcherServlet'
2026-03-21 13:16:48.316  INFO 23648 --- [demo] [http-nio-8081-exec-1] o.s.web.servlet.DispatcherServlet        : Completed initialization in 1 ms
2026-03-21 13:17:17.524  INFO 23648 --- [demo] [SpringApplicationShutdownHook] o.s.boot.tomcat.GracefulShutdown         : Commencing graceful shutdown. Waiting for active requests to complete
2026-03-21 13:17:17.607  INFO 23648 --- [demo] [tomcat-shutdown] o.s.boot.tomcat.GracefulShutdown         : Graceful shutdown complete
2026-03-21 13:17:17.610  INFO 23648 --- [demo] [SpringApplicationShutdownHook] j.LocalContainerEntityManagerFactoryBean : Closing JPA EntityManagerFactory for persistence unit 'default'
2026-03-21 13:17:17.614  INFO 23648 --- [demo] [SpringApplicationShutdownHook] com.zaxxer.hikari.HikariDataSource       : HikariPool-1 - Shutdown initiated...
2026-03-21 13:17:17.616  INFO 23648 --- [demo] [SpringApplicationShutdownHook] com.zaxxer.hikari.HikariDataSource       : HikariPool-1 - Shutdown completed.
2026-09-23 13:52:27.990  INFO 8904 --- [demo] [main] com.example.demo.DemoApplication         : Starting DemoApplication using Java 17.0.12 with PID 8904 (C:\Users\STONEY\Projects\CNET II\parcial-avion\target\classes started by STONEY in C:\Users\STONEY\Projects\CNET II\parcial-avion)
2026-09-23 13:52:27.992  INFO 8904 --- [demo] [main] com.example.demo.DemoApplication         : No active profile set, falling back to 1 default profile: "default"
2026-09-23 13:52:28.332  INFO 8904 --- [demo] [main] .s.d.r.c.RepositoryConfigurationDelegate : Bootstrapping Spring Data JPA repositories in DEFAULT mode.
2026-09-23 13:52:28.373  INFO 8904 --- [demo] [main] .s.d.r.c.RepositoryConfigurationDelegate : Finished Spring Data repository scanning in 34 ms. Found 6 JPA repository interfaces.
2026-09-23 13:52:28.644  INFO 8904 --- [demo] [main] o.s.boot.tomcat.TomcatWebServer          : Tomcat initialized with port 8081 (http)
2026-09-23 13:52:28.653  INFO 8904 --- [demo] [main] o.apache.catalina.core.StandardService   : Starting service [Tomcat]
2026-09-23 13:52:28.653  INFO 8904 --- [demo] [main] o.apache.catalina.core.StandardEngine    : Starting Servlet engine: [Apache Tomcat/11.0.18]
2026-09-23 13:52:28.699  INFO 8904 --- [demo] [main] b.w.c.s.WebApplicationContextInitializer : Root WebApplicationContext: initialization completed in 678 ms
2026-09-23 13:52:28.803  INFO 8904 --- [demo] [main] org.hibernate.orm.jpa                    : HHH008540: Processing PersistenceUnitInfo [name: default]
2026-09-23 13:52:28.842  INFO 8904 --- [demo] [main] org.hibernate.orm.core                   : HHH000001: Hibernate ORM core version 7.2.7.Final
2026-09-23 13:52:29.147  INFO 8904 --- [demo] [main] o.s.o.j.p.SpringPersistenceUnitInfo      : No LoadTimeWeaver setup: ignoring JPA class transformer
2026-09-23 13:52:29.171  INFO 8904 --- [demo] [main] com.zaxxer.hikari.HikariDataSource       : HikariPool-1 - Starting...
2026-09-23 13:52:29.284  INFO 8904 --- [demo] [main] com.zaxxer.hikari.pool.HikariPool        : HikariPool-1 - Added connection conn0: url=jdbc:h2:mem:db-test user=POSTGRES
2026-09-23 13:52:29.285  INFO 8904 --- [demo] [main] com.zaxxer.hikari.HikariDataSource       : HikariPool-1 - Start completed.
2026-09-23 13:52:29.323  INFO 8904 --- [demo] [main] org.hibernate.orm.connections.pooling    : HHH10001005: Database info:
	Database JDBC URL [jdbc:h2:mem:db-test]
	Database driver: H2 JDBC Driver
	Database dialect: H2Dialect
	Database version: 2.4.240
	Default catalog/schema: DB-TEST/PUBLIC
	Autocommit mode: undefined/unknown
	Isolation level: READ_COMMITTED [default READ_COMMITTED]
	JDBC fetch size: 100
	Pool: DataSourceConnectionProvider
	Minimum pool size: undefined/unknown
	Maximum pool size: undefined/unknown
2026-09-23 13:52:29.915  INFO 8904 --- [demo] [main] org.hibernate.orm.core                   : HHH000489: No JTA platform available (set 'hibernate.transaction.jta.platform' to enable JTA platform integration)
2026-09-23 13:52:29.958  INFO 8904 --- [demo] [main] j.LocalContainerEntityManagerFactoryBean : Initialized JPA EntityManagerFactory for persistence unit 'default'
2026-09-23 13:52:30.004  INFO 8904 --- [demo] [main] o.s.d.j.r.query.QueryEnhancerFactories   : Hibernate is in classpath; If applicable, HQL parser will be used.
2026-09-23 13:52:30.101  WARN 8904 --- [demo] [main] JpaBaseConfiguration$JpaWebConfiguration : spring.jpa.open-in-view is enabled by default. Therefore, database queries may be performed during view rendering. Explicitly configure spring.jpa.open-in-view to disable this warning
2026-09-23 13:52:30.319  INFO 8904 --- [demo] [main] o.s.boot.tomcat.TomcatWebServer          : Tomcat started on port 8081 (http) with context path '/compunet2-2026'
2026-09-23 13:52:30.323  INFO 8904 --- [demo] [main] com.example.demo.DemoApplication         : Started DemoApplication in 2.636 seconds (process running for 2.899)
2026-09-23 13:52:44.162  INFO 8904 --- [demo] [http-nio-8081-exec-1] o.a.c.c.C.[.[.[/compunet2-2026]          : Initializing Spring DispatcherServlet 'dispatcherServlet'
2026-09-23 13:52:44.162  INFO 8904 --- [demo] [http-nio-8081-exec-1] o.s.web.servlet.DispatcherServlet        : Initializing Servlet 'dispatcherServlet'
2026-09-23 13:52:44.164  INFO 8904 --- [demo] [http-nio-8081-exec-1] o.s.web.servlet.DispatcherServlet        : Completed initialization in 0 ms
2026-09-23 13:52:44.446  WARN 8904 --- [demo] [http-nio-8081-exec-1] .w.s.m.s.DefaultHandlerExceptionResolver : Ignoring exception, response committed already: org.springframework.http.converter.HttpMessageNotWritableException: Could not write JSON: Document nesting depth (501) exceeds the maximum allowed (500, from `StreamWriteConstraints.getMaxNestingDepth()`)
2026-09-23 13:52:44.447  WARN 8904 --- [demo] [http-nio-8081-exec-1] .w.s.m.s.DefaultHandlerExceptionResolver : Resolved [org.springframework.http.converter.HttpMessageNotWritableException: Could not write JSON: Document nesting depth (501) exceeds the maximum allowed (500, from `StreamWriteConstraints.getMaxNestingDepth()`)]
2026-09-23 13:56:30.505  WARN 8904 --- [demo] [http-nio-8081-exec-3] .w.s.m.s.DefaultHandlerExceptionResolver : Ignoring exception, response committed already: org.springframework.http.converter.HttpMessageNotWritableException: Could not write JSON: Document nesting depth (501) exceeds the maximum allowed (500, from `StreamWriteConstraints.getMaxNestingDepth()`)
2026-09-23 13:56:30.506  WARN 8904 --- [demo] [http-nio-8081-exec-3] .w.s.m.s.DefaultHandlerExceptionResolver : Resolved [org.springframework.http.converter.HttpMessageNotWritableException: Could not write JSON: Document nesting depth (501) exceeds the maximum allowed (500, from `StreamWriteConstraints.getMaxNestingDepth()`)]
2026-09-23 13:57:04.521  INFO 8904 --- [demo] [SpringApplicationShutdownHook] o.s.boot.tomcat.GracefulShutdown         : Commencing graceful shutdown. Waiting for active requests to complete
2026-09-23 13:57:04.556  INFO 8904 --- [demo] [tomcat-shutdown] o.s.boot.tomcat.GracefulShutdown         : Graceful shutdown complete
2026-09-23 13:57:04.558  INFO 8904 --- [demo] [SpringApplicationShutdownHook] j.LocalContainerEntityManagerFactoryBean : Closing JPA EntityManagerFactory for persistence unit 'default'
2026-09-23 13:57:04.562  INFO 8904 --- [demo] [SpringApplicationShutdownHook] com.zaxxer.hikari.HikariDataSource       : HikariPool-1 - Shutdown initiated...
2026-09-23 13:57:04.563  INFO 8904 --- [demo] [SpringApplicationShutdownHook] com.zaxxer.hikari.HikariDataSource       : HikariPool-1 - Shutdown completed.
2026-09-23 13:57:12.964  INFO 24284 --- [demo] [main] com.example.demo.DemoApplication         : Starting DemoApplication using Java 17.0.12 with PID 24284 (C:\Users\STONEY\Projects\CNET II\parcial-avion\target\classes started by STONEY in C:\Users\STONEY\Projects\CNET II\parcial-avion)
2026-09-23 13:57:12.967  INFO 24284 --- [demo] [main] com.example.demo.DemoApplication         : No active profile set, falling back to 1 default profile: "default"
2026-09-23 13:57:13.299  INFO 24284 --- [demo] [main] .s.d.r.c.RepositoryConfigurationDelegate : Bootstrapping Spring Data JPA repositories in DEFAULT mode.
2026-09-23 13:57:13.339  INFO 24284 --- [demo] [main] .s.d.r.c.RepositoryConfigurationDelegate : Finished Spring Data repository scanning in 34 ms. Found 6 JPA repository interfaces.
2026-09-23 13:57:13.604  INFO 24284 --- [demo] [main] o.s.boot.tomcat.TomcatWebServer          : Tomcat initialized with port 8081 (http)
2026-09-23 13:57:13.613  INFO 24284 --- [demo] [main] o.apache.catalina.core.StandardService   : Starting service [Tomcat]
2026-09-23 13:57:13.613  INFO 24284 --- [demo] [main] o.apache.catalina.core.StandardEngine    : Starting Servlet engine: [Apache Tomcat/11.0.18]
2026-09-23 13:57:13.654  INFO 24284 --- [demo] [main] b.w.c.s.WebApplicationContextInitializer : Root WebApplicationContext: initialization completed in 659 ms
2026-09-23 13:57:13.754  INFO 24284 --- [demo] [main] org.hibernate.orm.jpa                    : HHH008540: Processing PersistenceUnitInfo [name: default]
2026-09-23 13:57:13.794  INFO 24284 --- [demo] [main] org.hibernate.orm.core                   : HHH000001: Hibernate ORM core version 7.2.7.Final
2026-09-23 13:57:14.092  INFO 24284 --- [demo] [main] o.s.o.j.p.SpringPersistenceUnitInfo      : No LoadTimeWeaver setup: ignoring JPA class transformer
2026-09-23 13:57:14.116  INFO 24284 --- [demo] [main] com.zaxxer.hikari.HikariDataSource       : HikariPool-1 - Starting...
2026-09-23 13:57:14.230  INFO 24284 --- [demo] [main] com.zaxxer.hikari.pool.HikariPool        : HikariPool-1 - Added connection conn0: url=jdbc:h2:mem:db-test user=POSTGRES
2026-09-23 13:57:14.231  INFO 24284 --- [demo] [main] com.zaxxer.hikari.HikariDataSource       : HikariPool-1 - Start completed.
2026-09-23 13:57:14.269  INFO 24284 --- [demo] [main] org.hibernate.orm.connections.pooling    : HHH10001005: Database info:
	Database JDBC URL [jdbc:h2:mem:db-test]
	Database driver: H2 JDBC Driver
	Database dialect: H2Dialect
	Database version: 2.4.240
	Default catalog/schema: DB-TEST/PUBLIC
	Autocommit mode: undefined/unknown
	Isolation level: READ_COMMITTED [default READ_COMMITTED]
	JDBC fetch size: 100
	Pool: DataSourceConnectionProvider
	Minimum pool size: undefined/unknown
	Maximum pool size: undefined/unknown
2026-09-23 13:57:14.863  INFO 24284 --- [demo] [main] org.hibernate.orm.core                   : HHH000489: No JTA platform available (set 'hibernate.transaction.jta.platform' to enable JTA platform integration)
2026-09-23 13:57:14.907  INFO 24284 --- [demo] [main] j.LocalContainerEntityManagerFactoryBean : Initialized JPA EntityManagerFactory for persistence unit 'default'
2026-09-23 13:57:14.950  INFO 24284 --- [demo] [main] o.s.d.j.r.query.QueryEnhancerFactories   : Hibernate is in classpath; If applicable, HQL parser will be used.
2026-09-23 13:57:15.039  WARN 24284 --- [demo] [main] JpaBaseConfiguration$JpaWebConfiguration : spring.jpa.open-in-view is enabled by default. Therefore, database queries may be performed during view rendering. Explicitly configure spring.jpa.open-in-view to disable this warning
2026-09-23 13:57:15.244  INFO 24284 --- [demo] [main] o.s.boot.tomcat.TomcatWebServer          : Tomcat started on port 8081 (http) with context path '/compunet2-2026'
2026-09-23 13:57:15.247  INFO 24284 --- [demo] [main] com.example.demo.DemoApplication         : Started DemoApplication in 2.58 seconds (process running for 2.837)
2026-09-23 13:57:19.663  INFO 24284 --- [demo] [http-nio-8081-exec-1] o.a.c.c.C.[.[.[/compunet2-2026]          : Initializing Spring DispatcherServlet 'dispatcherServlet'
2026-09-23 13:57:19.663  INFO 24284 --- [demo] [http-nio-8081-exec-1] o.s.web.servlet.DispatcherServlet        : Initializing Servlet 'dispatcherServlet'
2026-09-23 13:57:19.664  INFO 24284 --- [demo] [http-nio-8081-exec-1] o.s.web.servlet.DispatcherServlet        : Completed initialization in 1 ms
2026-09-23 14:09:16.049  INFO 24284 --- [demo] [SpringApplicationShutdownHook] o.s.boot.tomcat.GracefulShutdown         : Commencing graceful shutdown. Waiting for active requests to complete
2026-09-23 14:09:16.083  INFO 24284 --- [demo] [tomcat-shutdown] o.s.boot.tomcat.GracefulShutdown         : Graceful shutdown complete
2026-09-23 14:09:16.085  INFO 24284 --- [demo] [SpringApplicationShutdownHook] j.LocalContainerEntityManagerFactoryBean : Closing JPA EntityManagerFactory for persistence unit 'default'
2026-09-23 14:09:16.089  INFO 24284 --- [demo] [SpringApplicationShutdownHook] com.zaxxer.hikari.HikariDataSource       : HikariPool-1 - Shutdown initiated...
2026-09-23 14:09:16.090  INFO 24284 --- [demo] [SpringApplicationShutdownHook] com.zaxxer.hikari.HikariDataSource       : HikariPool-1 - Shutdown completed.
2026-09-23 14:09:26.797  INFO 11056 --- [demo] [main] com.example.demo.DemoApplication         : Starting DemoApplication using Java 17.0.12 with PID 11056 (C:\Users\STONEY\Projects\CNET II\parcial-avion\target\classes started by STONEY in C:\Users\STONEY\Projects\CNET II\parcial-avion)
2026-09-23 14:09:26.799  INFO 11056 --- [demo] [main] com.example.demo.DemoApplication         : No active profile set, falling back to 1 default profile: "default"
2026-09-23 14:09:27.152  INFO 11056 --- [demo] [main] .s.d.r.c.RepositoryConfigurationDelegate : Bootstrapping Spring Data JPA repositories in DEFAULT mode.
2026-09-23 14:09:27.191  INFO 11056 --- [demo] [main] .s.d.r.c.RepositoryConfigurationDelegate : Finished Spring Data repository scanning in 34 ms. Found 6 JPA repository interfaces.
2026-09-23 14:09:27.467  INFO 11056 --- [demo] [main] o.s.boot.tomcat.TomcatWebServer          : Tomcat initialized with port 8081 (http)
2026-09-23 14:09:27.476  INFO 11056 --- [demo] [main] o.apache.catalina.core.StandardService   : Starting service [Tomcat]
2026-09-23 14:09:27.476  INFO 11056 --- [demo] [main] o.apache.catalina.core.StandardEngine    : Starting Servlet engine: [Apache Tomcat/11.0.18]
2026-09-23 14:09:27.519  INFO 11056 --- [demo] [main] b.w.c.s.WebApplicationContextInitializer : Root WebApplicationContext: initialization completed in 689 ms
2026-09-23 14:09:27.623  INFO 11056 --- [demo] [main] org.hibernate.orm.jpa                    : HHH008540: Processing PersistenceUnitInfo [name: default]
2026-09-23 14:09:27.661  INFO 11056 --- [demo] [main] org.hibernate.orm.core                   : HHH000001: Hibernate ORM core version 7.2.7.Final
2026-09-23 14:09:27.962  INFO 11056 --- [demo] [main] o.s.o.j.p.SpringPersistenceUnitInfo      : No LoadTimeWeaver setup: ignoring JPA class transformer
2026-09-23 14:09:27.986  INFO 11056 --- [demo] [main] com.zaxxer.hikari.HikariDataSource       : HikariPool-1 - Starting...
2026-09-23 14:09:28.098  INFO 11056 --- [demo] [main] com.zaxxer.hikari.pool.HikariPool        : HikariPool-1 - Added connection conn0: url=jdbc:h2:mem:db-test user=POSTGRES
2026-09-23 14:09:28.100  INFO 11056 --- [demo] [main] com.zaxxer.hikari.HikariDataSource       : HikariPool-1 - Start completed.
2026-09-23 14:09:28.138  INFO 11056 --- [demo] [main] org.hibernate.orm.connections.pooling    : HHH10001005: Database info:
	Database JDBC URL [jdbc:h2:mem:db-test]
	Database driver: H2 JDBC Driver
	Database dialect: H2Dialect
	Database version: 2.4.240
	Default catalog/schema: DB-TEST/PUBLIC
	Autocommit mode: undefined/unknown
	Isolation level: READ_COMMITTED [default READ_COMMITTED]
	JDBC fetch size: 100
	Pool: DataSourceConnectionProvider
	Minimum pool size: undefined/unknown
	Maximum pool size: undefined/unknown
2026-09-23 14:09:28.734  INFO 11056 --- [demo] [main] org.hibernate.orm.core                   : HHH000489: No JTA platform available (set 'hibernate.transaction.jta.platform' to enable JTA platform integration)
2026-09-23 14:09:28.778  INFO 11056 --- [demo] [main] j.LocalContainerEntityManagerFactoryBean : Initialized JPA EntityManagerFactory for persistence unit 'default'
2026-09-23 14:09:28.824  INFO 11056 --- [demo] [main] o.s.d.j.r.query.QueryEnhancerFactories   : Hibernate is in classpath; If applicable, HQL parser will be used.
2026-09-23 14:09:28.971  WARN 11056 --- [demo] [main] JpaBaseConfiguration$JpaWebConfiguration : spring.jpa.open-in-view is enabled by default. Therefore, database queries may be performed during view rendering. Explicitly configure spring.jpa.open-in-view to disable this warning
2026-09-23 14:09:29.181  INFO 11056 --- [demo] [main] o.s.boot.tomcat.TomcatWebServer          : Tomcat started on port 8081 (http) with context path '/compunet2-2026'
2026-09-23 14:09:29.185  INFO 11056 --- [demo] [main] com.example.demo.DemoApplication         : Started DemoApplication in 2.695 seconds (process running for 2.981)
2026-09-23 14:09:48.126  INFO 11056 --- [demo] [http-nio-8081-exec-1] o.a.c.c.C.[.[.[/compunet2-2026]          : Initializing Spring DispatcherServlet 'dispatcherServlet'
2026-09-23 14:09:48.126  INFO 11056 --- [demo] [http-nio-8081-exec-1] o.s.web.servlet.DispatcherServlet        : Initializing Servlet 'dispatcherServlet'
2026-09-23 14:09:48.128  INFO 11056 --- [demo] [http-nio-8081-exec-1] o.s.web.servlet.DispatcherServlet        : Completed initialization in 2 ms
2026-09-23 14:25:25.013  INFO 11056 --- [demo] [SpringApplicationShutdownHook] o.s.boot.tomcat.GracefulShutdown         : Commencing graceful shutdown. Waiting for active requests to complete
2026-09-23 14:25:25.047  INFO 11056 --- [demo] [tomcat-shutdown] o.s.boot.tomcat.GracefulShutdown         : Graceful shutdown complete
2026-09-23 14:25:25.049  INFO 11056 --- [demo] [SpringApplicationShutdownHook] j.LocalContainerEntityManagerFactoryBean : Closing JPA EntityManagerFactory for persistence unit 'default'
2026-09-23 14:25:25.054  INFO 11056 --- [demo] [SpringApplicationShutdownHook] com.zaxxer.hikari.HikariDataSource       : HikariPool-1 - Shutdown initiated...
2026-09-23 14:25:25.055  INFO 11056 --- [demo] [SpringApplicationShutdownHook] com.zaxxer.hikari.HikariDataSource       : HikariPool-1 - Shutdown completed.
2026-09-23 14:25:30.248  INFO 13700 --- [demo] [main] com.example.demo.DemoApplication         : Starting DemoApplication using Java 17.0.12 with PID 13700 (C:\Users\STONEY\Projects\CNET II\parcial-avion\target\classes started by STONEY in C:\Users\STONEY\Projects\CNET II\parcial-avion)
2026-09-23 14:25:30.251  INFO 13700 --- [demo] [main] com.example.demo.DemoApplication         : No active profile set, falling back to 1 default profile: "default"
2026-09-23 14:25:30.597  INFO 13700 --- [demo] [main] .s.d.r.c.RepositoryConfigurationDelegate : Bootstrapping Spring Data JPA repositories in DEFAULT mode.
2026-09-23 14:25:30.639  INFO 13700 --- [demo] [main] .s.d.r.c.RepositoryConfigurationDelegate : Finished Spring Data repository scanning in 35 ms. Found 6 JPA repository interfaces.
2026-09-23 14:25:30.915  INFO 13700 --- [demo] [main] o.s.boot.tomcat.TomcatWebServer          : Tomcat initialized with port 8081 (http)
2026-09-23 14:25:30.923  INFO 13700 --- [demo] [main] o.apache.catalina.core.StandardService   : Starting service [Tomcat]
2026-09-23 14:25:30.923  INFO 13700 --- [demo] [main] o.apache.catalina.core.StandardEngine    : Starting Servlet engine: [Apache Tomcat/11.0.18]
2026-09-23 14:25:30.967  INFO 13700 --- [demo] [main] b.w.c.s.WebApplicationContextInitializer : Root WebApplicationContext: initialization completed in 688 ms
2026-09-23 14:25:31.069  INFO 13700 --- [demo] [main] org.hibernate.orm.jpa                    : HHH008540: Processing PersistenceUnitInfo [name: default]
2026-09-23 14:25:31.108  INFO 13700 --- [demo] [main] org.hibernate.orm.core                   : HHH000001: Hibernate ORM core version 7.2.7.Final
2026-09-23 14:25:31.422  INFO 13700 --- [demo] [main] o.s.o.j.p.SpringPersistenceUnitInfo      : No LoadTimeWeaver setup: ignoring JPA class transformer
2026-09-23 14:25:31.453  INFO 13700 --- [demo] [main] com.zaxxer.hikari.HikariDataSource       : HikariPool-1 - Starting...
2026-09-23 14:25:31.577  INFO 13700 --- [demo] [main] com.zaxxer.hikari.pool.HikariPool        : HikariPool-1 - Added connection conn0: url=jdbc:h2:mem:db-test user=POSTGRES
2026-09-23 14:25:31.579  INFO 13700 --- [demo] [main] com.zaxxer.hikari.HikariDataSource       : HikariPool-1 - Start completed.
2026-09-23 14:25:31.618  INFO 13700 --- [demo] [main] org.hibernate.orm.connections.pooling    : HHH10001005: Database info:
	Database JDBC URL [jdbc:h2:mem:db-test]
	Database driver: H2 JDBC Driver
	Database dialect: H2Dialect
	Database version: 2.4.240
	Default catalog/schema: DB-TEST/PUBLIC
	Autocommit mode: undefined/unknown
	Isolation level: READ_COMMITTED [default READ_COMMITTED]
	JDBC fetch size: 100
	Pool: DataSourceConnectionProvider
	Minimum pool size: undefined/unknown
	Maximum pool size: undefined/unknown
2026-09-23 14:25:32.226  INFO 13700 --- [demo] [main] org.hibernate.orm.core                   : HHH000489: No JTA platform available (set 'hibernate.transaction.jta.platform' to enable JTA platform integration)
2026-09-23 14:25:32.270  INFO 13700 --- [demo] [main] j.LocalContainerEntityManagerFactoryBean : Initialized JPA EntityManagerFactory for persistence unit 'default'
2026-09-23 14:25:32.316  INFO 13700 --- [demo] [main] o.s.d.j.r.query.QueryEnhancerFactories   : Hibernate is in classpath; If applicable, HQL parser will be used.
2026-09-23 14:25:32.468  WARN 13700 --- [demo] [main] JpaBaseConfiguration$JpaWebConfiguration : spring.jpa.open-in-view is enabled by default. Therefore, database queries may be performed during view rendering. Explicitly configure spring.jpa.open-in-view to disable this warning
2026-09-23 14:25:32.675  INFO 13700 --- [demo] [main] o.s.boot.tomcat.TomcatWebServer          : Tomcat started on port 8081 (http) with context path '/compunet2-2026'
2026-09-23 14:25:32.679  INFO 13700 --- [demo] [main] com.example.demo.DemoApplication         : Started DemoApplication in 2.723 seconds (process running for 2.986)
2026-09-23 14:25:36.753  INFO 13700 --- [demo] [http-nio-8081-exec-1] o.a.c.c.C.[.[.[/compunet2-2026]          : Initializing Spring DispatcherServlet 'dispatcherServlet'
2026-09-23 14:25:36.753  INFO 13700 --- [demo] [http-nio-8081-exec-1] o.s.web.servlet.DispatcherServlet        : Initializing Servlet 'dispatcherServlet'
2026-09-23 14:25:36.754  INFO 13700 --- [demo] [http-nio-8081-exec-1] o.s.web.servlet.DispatcherServlet        : Completed initialization in 1 ms
2026-09-23 14:54:44.286  INFO 13700 --- [demo] [SpringApplicationShutdownHook] o.s.boot.tomcat.GracefulShutdown         : Commencing graceful shutdown. Waiting for active requests to complete
2026-09-23 14:54:44.321  INFO 13700 --- [demo] [tomcat-shutdown] o.s.boot.tomcat.GracefulShutdown         : Graceful shutdown complete
2026-09-23 14:54:44.323  INFO 13700 --- [demo] [SpringApplicationShutdownHook] j.LocalContainerEntityManagerFactoryBean : Closing JPA EntityManagerFactory for persistence unit 'default'
2026-09-23 14:54:44.328  INFO 13700 --- [demo] [SpringApplicationShutdownHook] com.zaxxer.hikari.HikariDataSource       : HikariPool-1 - Shutdown initiated...
2026-09-23 14:54:44.329  INFO 13700 --- [demo] [SpringApplicationShutdownHook] com.zaxxer.hikari.HikariDataSource       : HikariPool-1 - Shutdown completed.
2026-09-23 14:54:49.491  INFO 20704 --- [demo] [main] com.example.demo.DemoApplication         : Starting DemoApplication using Java 17.0.12 with PID 20704 (C:\Users\STONEY\Projects\CNET II\parcial-avion\target\classes started by STONEY in C:\Users\STONEY\Projects\CNET II\parcial-avion)
2026-09-23 14:54:49.494  INFO 20704 --- [demo] [main] com.example.demo.DemoApplication         : No active profile set, falling back to 1 default profile: "default"
2026-09-23 14:54:49.825  INFO 20704 --- [demo] [main] .s.d.r.c.RepositoryConfigurationDelegate : Bootstrapping Spring Data JPA repositories in DEFAULT mode.
2026-09-23 14:54:49.865  INFO 20704 --- [demo] [main] .s.d.r.c.RepositoryConfigurationDelegate : Finished Spring Data repository scanning in 33 ms. Found 6 JPA repository interfaces.
2026-09-23 14:54:50.131  INFO 20704 --- [demo] [main] o.s.boot.tomcat.TomcatWebServer          : Tomcat initialized with port 8081 (http)
2026-09-23 14:54:50.139  INFO 20704 --- [demo] [main] o.apache.catalina.core.StandardService   : Starting service [Tomcat]
2026-09-23 14:54:50.139  INFO 20704 --- [demo] [main] o.apache.catalina.core.StandardEngine    : Starting Servlet engine: [Apache Tomcat/11.0.18]
2026-09-23 14:54:50.180  INFO 20704 --- [demo] [main] b.w.c.s.WebApplicationContextInitializer : Root WebApplicationContext: initialization completed in 658 ms
2026-09-23 14:54:50.281  INFO 20704 --- [demo] [main] org.hibernate.orm.jpa                    : HHH008540: Processing PersistenceUnitInfo [name: default]
2026-09-23 14:54:50.320  INFO 20704 --- [demo] [main] org.hibernate.orm.core                   : HHH000001: Hibernate ORM core version 7.2.7.Final
2026-09-23 14:54:50.621  INFO 20704 --- [demo] [main] o.s.o.j.p.SpringPersistenceUnitInfo      : No LoadTimeWeaver setup: ignoring JPA class transformer
2026-09-23 14:54:50.645  INFO 20704 --- [demo] [main] com.zaxxer.hikari.HikariDataSource       : HikariPool-1 - Starting...
2026-09-23 14:54:50.756  INFO 20704 --- [demo] [main] com.zaxxer.hikari.pool.HikariPool        : HikariPool-1 - Added connection conn0: url=jdbc:h2:mem:db-test user=POSTGRES
2026-09-23 14:54:50.757  INFO 20704 --- [demo] [main] com.zaxxer.hikari.HikariDataSource       : HikariPool-1 - Start completed.
2026-09-23 14:54:50.796  INFO 20704 --- [demo] [main] org.hibernate.orm.connections.pooling    : HHH10001005: Database info:
	Database JDBC URL [jdbc:h2:mem:db-test]
	Database driver: H2 JDBC Driver
	Database dialect: H2Dialect
	Database version: 2.4.240
	Default catalog/schema: DB-TEST/PUBLIC
	Autocommit mode: undefined/unknown
	Isolation level: READ_COMMITTED [default READ_COMMITTED]
	JDBC fetch size: 100
	Pool: DataSourceConnectionProvider
	Minimum pool size: undefined/unknown
	Maximum pool size: undefined/unknown
2026-09-23 14:54:51.402  INFO 20704 --- [demo] [main] org.hibernate.orm.core                   : HHH000489: No JTA platform available (set 'hibernate.transaction.jta.platform' to enable JTA platform integration)
2026-09-23 14:54:51.445  INFO 20704 --- [demo] [main] j.LocalContainerEntityManagerFactoryBean : Initialized JPA EntityManagerFactory for persistence unit 'default'
2026-09-23 14:54:51.489  INFO 20704 --- [demo] [main] o.s.d.j.r.query.QueryEnhancerFactories   : Hibernate is in classpath; If applicable, HQL parser will be used.
2026-09-23 14:54:51.647  WARN 20704 --- [demo] [main] JpaBaseConfiguration$JpaWebConfiguration : spring.jpa.open-in-view is enabled by default. Therefore, database queries may be performed during view rendering. Explicitly configure spring.jpa.open-in-view to disable this warning
2026-09-23 14:54:51.853  INFO 20704 --- [demo] [main] o.s.boot.tomcat.TomcatWebServer          : Tomcat started on port 8081 (http) with context path '/compunet2-2026'
2026-09-23 14:54:51.857  INFO 20704 --- [demo] [main] com.example.demo.DemoApplication         : Started DemoApplication in 2.663 seconds (process running for 2.93)
2026-09-23 14:54:59.714  INFO 20704 --- [demo] [http-nio-8081-exec-1] o.a.c.c.C.[.[.[/compunet2-2026]          : Initializing Spring DispatcherServlet 'dispatcherServlet'
2026-09-23 14:54:59.714  INFO 20704 --- [demo] [http-nio-8081-exec-1] o.s.web.servlet.DispatcherServlet        : Initializing Servlet 'dispatcherServlet'
2026-09-23 14:54:59.715  INFO 20704 --- [demo] [http-nio-8081-exec-1] o.s.web.servlet.DispatcherServlet        : Completed initialization in 1 ms
2026-09-23 15:16:28.969  INFO 20704 --- [demo] [SpringApplicationShutdownHook] o.s.boot.tomcat.GracefulShutdown         : Commencing graceful shutdown. Waiting for active requests to complete
2026-09-23 15:16:29.002  INFO 20704 --- [demo] [tomcat-shutdown] o.s.boot.tomcat.GracefulShutdown         : Graceful shutdown complete
2026-09-23 15:16:29.005  INFO 20704 --- [demo] [SpringApplicationShutdownHook] j.LocalContainerEntityManagerFactoryBean : Closing JPA EntityManagerFactory for persistence unit 'default'
2026-09-23 15:16:29.009  INFO 20704 --- [demo] [SpringApplicationShutdownHook] com.zaxxer.hikari.HikariDataSource       : HikariPool-1 - Shutdown initiated...
2026-09-23 15:16:29.009  INFO 20704 --- [demo] [SpringApplicationShutdownHook] com.zaxxer.hikari.HikariDataSource       : HikariPool-1 - Shutdown completed.
2026-09-23 15:16:34.912  INFO 25948 --- [demo] [main] com.example.demo.DemoApplication         : Starting DemoApplication using Java 17.0.12 with PID 25948 (C:\Users\STONEY\Projects\CNET II\parcial-avion\target\classes started by STONEY in C:\Users\STONEY\Projects\CNET II\parcial-avion)
2026-09-23 15:16:34.914  INFO 25948 --- [demo] [main] com.example.demo.DemoApplication         : No active profile set, falling back to 1 default profile: "default"
2026-09-23 15:16:35.256  INFO 25948 --- [demo] [main] .s.d.r.c.RepositoryConfigurationDelegate : Bootstrapping Spring Data JPA repositories in DEFAULT mode.
2026-09-23 15:16:35.299  INFO 25948 --- [demo] [main] .s.d.r.c.RepositoryConfigurationDelegate : Finished Spring Data repository scanning in 35 ms. Found 6 JPA repository interfaces.
2026-09-23 15:16:35.612  INFO 25948 --- [demo] [main] o.s.boot.tomcat.TomcatWebServer          : Tomcat initialized with port 8081 (http)
2026-09-23 15:16:35.621  INFO 25948 --- [demo] [main] o.apache.catalina.core.StandardService   : Starting service [Tomcat]
2026-09-23 15:16:35.621  INFO 25948 --- [demo] [main] o.apache.catalina.core.StandardEngine    : Starting Servlet engine: [Apache Tomcat/11.0.18]
2026-09-23 15:16:35.663  INFO 25948 --- [demo] [main] b.w.c.s.WebApplicationContextInitializer : Root WebApplicationContext: initialization completed in 720 ms
2026-09-23 15:16:35.770  INFO 25948 --- [demo] [main] org.hibernate.orm.jpa                    : HHH008540: Processing PersistenceUnitInfo [name: default]
2026-09-23 15:16:35.810  INFO 25948 --- [demo] [main] org.hibernate.orm.core                   : HHH000001: Hibernate ORM core version 7.2.7.Final
2026-09-23 15:16:36.128  INFO 25948 --- [demo] [main] o.s.o.j.p.SpringPersistenceUnitInfo      : No LoadTimeWeaver setup: ignoring JPA class transformer
2026-09-23 15:16:36.153  INFO 25948 --- [demo] [main] com.zaxxer.hikari.HikariDataSource       : HikariPool-1 - Starting...
2026-09-23 15:16:36.265  INFO 25948 --- [demo] [main] com.zaxxer.hikari.pool.HikariPool        : HikariPool-1 - Added connection conn0: url=jdbc:h2:mem:db-test user=POSTGRES
2026-09-23 15:16:36.266  INFO 25948 --- [demo] [main] com.zaxxer.hikari.HikariDataSource       : HikariPool-1 - Start completed.
2026-09-23 15:16:36.305  INFO 25948 --- [demo] [main] org.hibernate.orm.connections.pooling    : HHH10001005: Database info:
	Database JDBC URL [jdbc:h2:mem:db-test]
	Database driver: H2 JDBC Driver
	Database dialect: H2Dialect
	Database version: 2.4.240
	Default catalog/schema: DB-TEST/PUBLIC
	Autocommit mode: undefined/unknown
	Isolation level: READ_COMMITTED [default READ_COMMITTED]
	JDBC fetch size: 100
	Pool: DataSourceConnectionProvider
	Minimum pool size: undefined/unknown
	Maximum pool size: undefined/unknown
2026-09-23 15:16:36.928  INFO 25948 --- [demo] [main] org.hibernate.orm.core                   : HHH000489: No JTA platform available (set 'hibernate.transaction.jta.platform' to enable JTA platform integration)
2026-09-23 15:16:36.974  INFO 25948 --- [demo] [main] j.LocalContainerEntityManagerFactoryBean : Initialized JPA EntityManagerFactory for persistence unit 'default'
2026-09-23 15:16:37.021  INFO 25948 --- [demo] [main] o.s.d.j.r.query.QueryEnhancerFactories   : Hibernate is in classpath; If applicable, HQL parser will be used.
2026-09-23 15:16:37.165  WARN 25948 --- [demo] [main] JpaBaseConfiguration$JpaWebConfiguration : spring.jpa.open-in-view is enabled by default. Therefore, database queries may be performed during view rendering. Explicitly configure spring.jpa.open-in-view to disable this warning
2026-09-23 15:16:37.371  INFO 25948 --- [demo] [main] o.s.boot.tomcat.TomcatWebServer          : Tomcat started on port 8081 (http) with context path '/compunet2-2026'
2026-09-23 15:16:37.375  INFO 25948 --- [demo] [main] com.example.demo.DemoApplication         : Started DemoApplication in 2.764 seconds (process running for 3.026)
2026-09-23 15:16:43.394  INFO 25948 --- [demo] [http-nio-8081-exec-1] o.a.c.c.C.[.[.[/compunet2-2026]          : Initializing Spring DispatcherServlet 'dispatcherServlet'
2026-09-23 15:16:43.396  INFO 25948 --- [demo] [http-nio-8081-exec-1] o.s.web.servlet.DispatcherServlet        : Initializing Servlet 'dispatcherServlet'
2026-09-23 15:16:43.397  INFO 25948 --- [demo] [http-nio-8081-exec-1] o.s.web.servlet.DispatcherServlet        : Completed initialization in 1 ms
2026-09-23 15:29:11.478  INFO 25948 --- [demo] [SpringApplicationShutdownHook] o.s.boot.tomcat.GracefulShutdown         : Commencing graceful shutdown. Waiting for active requests to complete
2026-09-23 15:29:11.513  INFO 25948 --- [demo] [tomcat-shutdown] o.s.boot.tomcat.GracefulShutdown         : Graceful shutdown complete
2026-09-23 15:29:11.514  INFO 25948 --- [demo] [SpringApplicationShutdownHook] j.LocalContainerEntityManagerFactoryBean : Closing JPA EntityManagerFactory for persistence unit 'default'
2026-09-23 15:29:11.519  INFO 25948 --- [demo] [SpringApplicationShutdownHook] com.zaxxer.hikari.HikariDataSource       : HikariPool-1 - Shutdown initiated...
2026-09-23 15:29:11.520  INFO 25948 --- [demo] [SpringApplicationShutdownHook] com.zaxxer.hikari.HikariDataSource       : HikariPool-1 - Shutdown completed.
2026-09-23 15:29:17.215  INFO 7032 --- [demo] [main] com.example.demo.DemoApplication         : Starting DemoApplication using Java 17.0.12 with PID 7032 (C:\Users\STONEY\Projects\CNET II\parcial-avion\target\classes started by STONEY in C:\Users\STONEY\Projects\CNET II\parcial-avion)
2026-09-23 15:29:17.219  INFO 7032 --- [demo] [main] com.example.demo.DemoApplication         : No active profile set, falling back to 1 default profile: "default"
2026-09-23 15:29:17.600  INFO 7032 --- [demo] [main] .s.d.r.c.RepositoryConfigurationDelegate : Bootstrapping Spring Data JPA repositories in DEFAULT mode.
2026-09-23 15:29:17.645  INFO 7032 --- [demo] [main] .s.d.r.c.RepositoryConfigurationDelegate : Finished Spring Data repository scanning in 40 ms. Found 6 JPA repository interfaces.
2026-09-23 15:29:17.942  INFO 7032 --- [demo] [main] o.s.boot.tomcat.TomcatWebServer          : Tomcat initialized with port 8081 (http)
2026-09-23 15:29:17.951  INFO 7032 --- [demo] [main] o.apache.catalina.core.StandardService   : Starting service [Tomcat]
2026-09-23 15:29:17.951  INFO 7032 --- [demo] [main] o.apache.catalina.core.StandardEngine    : Starting Servlet engine: [Apache Tomcat/11.0.18]
2026-09-23 15:29:17.994  INFO 7032 --- [demo] [main] b.w.c.s.WebApplicationContextInitializer : Root WebApplicationContext: initialization completed in 741 ms
2026-09-23 15:29:18.107  INFO 7032 --- [demo] [main] org.hibernate.orm.jpa                    : HHH008540: Processing PersistenceUnitInfo [name: default]
2026-09-23 15:29:18.146  INFO 7032 --- [demo] [main] org.hibernate.orm.core                   : HHH000001: Hibernate ORM core version 7.2.7.Final
2026-09-23 15:29:18.456  INFO 7032 --- [demo] [main] o.s.o.j.p.SpringPersistenceUnitInfo      : No LoadTimeWeaver setup: ignoring JPA class transformer
2026-09-23 15:29:18.480  INFO 7032 --- [demo] [main] com.zaxxer.hikari.HikariDataSource       : HikariPool-1 - Starting...
2026-09-23 15:29:18.596  INFO 7032 --- [demo] [main] com.zaxxer.hikari.pool.HikariPool        : HikariPool-1 - Added connection conn0: url=jdbc:h2:mem:db-test user=POSTGRES
2026-09-23 15:29:18.598  INFO 7032 --- [demo] [main] com.zaxxer.hikari.HikariDataSource       : HikariPool-1 - Start completed.
2026-09-23 15:29:18.642  INFO 7032 --- [demo] [main] org.hibernate.orm.connections.pooling    : HHH10001005: Database info:
	Database JDBC URL [jdbc:h2:mem:db-test]
	Database driver: H2 JDBC Driver
	Database dialect: H2Dialect
	Database version: 2.4.240
	Default catalog/schema: DB-TEST/PUBLIC
	Autocommit mode: undefined/unknown
	Isolation level: READ_COMMITTED [default READ_COMMITTED]
	JDBC fetch size: 100
	Pool: DataSourceConnectionProvider
	Minimum pool size: undefined/unknown
	Maximum pool size: undefined/unknown
2026-09-23 15:29:19.281  INFO 7032 --- [demo] [main] org.hibernate.orm.core                   : HHH000489: No JTA platform available (set 'hibernate.transaction.jta.platform' to enable JTA platform integration)
2026-09-23 15:29:19.328  INFO 7032 --- [demo] [main] j.LocalContainerEntityManagerFactoryBean : Initialized JPA EntityManagerFactory for persistence unit 'default'
2026-09-23 15:29:19.377  INFO 7032 --- [demo] [main] o.s.d.j.r.query.QueryEnhancerFactories   : Hibernate is in classpath; If applicable, HQL parser will be used.
2026-09-23 15:29:19.529  WARN 7032 --- [demo] [main] JpaBaseConfiguration$JpaWebConfiguration : spring.jpa.open-in-view is enabled by default. Therefore, database queries may be performed during view rendering. Explicitly configure spring.jpa.open-in-view to disable this warning
2026-09-23 15:29:19.741  INFO 7032 --- [demo] [main] o.s.boot.tomcat.TomcatWebServer          : Tomcat started on port 8081 (http) with context path '/compunet2-2026'
2026-09-23 15:29:19.745  INFO 7032 --- [demo] [main] com.example.demo.DemoApplication         : Started DemoApplication in 2.9 seconds (process running for 3.168)
2026-09-23 15:29:34.356  INFO 7032 --- [demo] [http-nio-8081-exec-1] o.a.c.c.C.[.[.[/compunet2-2026]          : Initializing Spring DispatcherServlet 'dispatcherServlet'
2026-09-23 15:29:34.357  INFO 7032 --- [demo] [http-nio-8081-exec-1] o.s.web.servlet.DispatcherServlet        : Initializing Servlet 'dispatcherServlet'
2026-09-23 15:29:34.358  INFO 7032 --- [demo] [http-nio-8081-exec-1] o.s.web.servlet.DispatcherServlet        : Completed initialization in 1 ms
2026-09-23 15:29:34.662  WARN 7032 --- [demo] [http-nio-8081-exec-1] org.hibernate.orm.jdbc.error             : HHH000247: ErrorCode: 90068, SQLState: 90068
2026-09-23 15:29:34.662  WARN 7032 --- [demo] [http-nio-8081-exec-1] org.hibernate.orm.jdbc.error             : Order by expression "DF1_0.ESTIMATED_PASSENGERS" must be in the result list in this case; SQL statement:
select distinct a1_0.id,a1_0.city,a1_0.country,a1_0.iata_code,a1_0.name from airports a1_0 left join flights df1_0 on a1_0.id=df1_0.destination_airport_id where df1_0.arrival_date between ? and ? order by df1_0.estimated_passengers desc fetch first ? rows only [90068-240]
2026-09-23 15:29:34.670 ERROR 7032 --- [demo] [http-nio-8081-exec-1] o.a.c.c.C.[.[.[.[dispatcherServlet]      : Servlet.service() for servlet [dispatcherServlet] in context with path [/compunet2-2026] threw exception [Request processing failed: org.springframework.dao.InvalidDataAccessResourceUsageException: Could not prepare statement [Order by expression "DF1_0.ESTIMATED_PASSENGERS" must be in the result list in this case; SQL statement:
select distinct a1_0.id,a1_0.city,a1_0.country,a1_0.iata_code,a1_0.name from airports a1_0 left join flights df1_0 on a1_0.id=df1_0.destination_airport_id where df1_0.arrival_date between ? and ? order by df1_0.estimated_passengers desc fetch first ? rows only [90068-240]] [select distinct a1_0.id,a1_0.city,a1_0.country,a1_0.iata_code,a1_0.name from airports a1_0 left join flights df1_0 on a1_0.id=df1_0.destination_airport_id where df1_0.arrival_date between ? and ? order by df1_0.estimated_passengers desc fetch first ? rows only]; SQL [select distinct a1_0.id,a1_0.city,a1_0.country,a1_0.iata_code,a1_0.name from airports a1_0 left join flights df1_0 on a1_0.id=df1_0.destination_airport_id where df1_0.arrival_date between ? and ? order by df1_0.estimated_passengers desc fetch first ? rows only]] with root cause

org.h2.jdbc.JdbcSQLSyntaxErrorException: Order by expression "DF1_0.ESTIMATED_PASSENGERS" must be in the result list in this case; SQL statement:
select distinct a1_0.id,a1_0.city,a1_0.country,a1_0.iata_code,a1_0.name from airports a1_0 left join flights df1_0 on a1_0.id=df1_0.destination_airport_id where df1_0.arrival_date between ? and ? order by df1_0.estimated_passengers desc fetch first ? rows only [90068-240]
	at org.h2.message.DbException.getJdbcSQLException(DbException.java:644) ~[h2-2.4.240.jar:2.4.240]
	at org.h2.message.DbException.getJdbcSQLException(DbException.java:489) ~[h2-2.4.240.jar:2.4.240]
	at org.h2.message.DbException.get(DbException.java:223) ~[h2-2.4.240.jar:2.4.240]
	at org.h2.message.DbException.get(DbException.java:199) ~[h2-2.4.240.jar:2.4.240]
	at org.h2.command.query.Query.initExpression(Query.java:725) ~[h2-2.4.240.jar:2.4.240]
	at org.h2.command.query.Query.initOrder(Query.java:642) ~[h2-2.4.240.jar:2.4.240]
	at org.h2.command.query.Select.init(Select.java:1051) ~[h2-2.4.240.jar:2.4.240]
	at org.h2.command.Parser.parseQuery(Parser.java:2485) ~[h2-2.4.240.jar:2.4.240]
	at org.h2.command.Parser.parsePrepared(Parser.java:613) ~[h2-2.4.240.jar:2.4.240]
	at org.h2.command.Parser.parse(Parser.java:584) ~[h2-2.4.240.jar:2.4.240]
	at org.h2.command.Parser.parse(Parser.java:559) ~[h2-2.4.240.jar:2.4.240]
	at org.h2.command.Parser.prepareCommand(Parser.java:487) ~[h2-2.4.240.jar:2.4.240]
	at org.h2.engine.SessionLocal.prepareLocal(SessionLocal.java:647) ~[h2-2.4.240.jar:2.4.240]
	at org.h2.engine.SessionLocal.prepareCommand(SessionLocal.java:563) ~[h2-2.4.240.jar:2.4.240]
	at org.h2.jdbc.JdbcConnection.prepareCommand(JdbcConnection.java:1160) ~[h2-2.4.240.jar:2.4.240]
	at org.h2.jdbc.JdbcPreparedStatement.<init>(JdbcPreparedStatement.java:93) ~[h2-2.4.240.jar:2.4.240]
	at org.h2.jdbc.JdbcConnection.prepareStatement(JdbcConnection.java:686) ~[h2-2.4.240.jar:2.4.240]
	at com.zaxxer.hikari.pool.ProxyConnection.prepareStatement(ProxyConnection.java:342) ~[HikariCP-7.0.2.jar:na]
	at com.zaxxer.hikari.pool.HikariProxyConnection.prepareStatement(HikariProxyConnection.java) ~[HikariCP-7.0.2.jar:na]
	at org.hibernate.engine.jdbc.internal.StatementPreparerImpl$4.doPrepare(StatementPreparerImpl.java:155) ~[hibernate-core-7.2.7.Final.jar:7.2.7.Final]
	at org.hibernate.engine.jdbc.internal.StatementPreparerImpl$StatementPreparationTemplate.prepareStatement(StatementPreparerImpl.java:183) ~[hibernate-core-7.2.7.Final.jar:7.2.7.Final]
	at org.hibernate.engine.jdbc.internal.StatementPreparerImpl.prepareQueryStatement(StatementPreparerImpl.java:157) ~[hibernate-core-7.2.7.Final.jar:7.2.7.Final]
	at org.hibernate.sql.exec.internal.StandardStatementCreator.createStatement(StandardStatementCreator.java:46) ~[hibernate-core-7.2.7.Final.jar:7.2.7.Final]
	at org.hibernate.sql.results.jdbc.internal.DeferredResultSetAccess.executeQuery(DeferredResultSetAccess.java:257) ~[hibernate-core-7.2.7.Final.jar:7.2.7.Final]
	at org.hibernate.sql.results.jdbc.internal.DeferredResultSetAccess.getResultSet(DeferredResultSetAccess.java:190) ~[hibernate-core-7.2.7.Final.jar:7.2.7.Final]
	at org.hibernate.sql.results.jdbc.internal.JdbcValuesResultSetImpl.<init>(JdbcValuesResultSetImpl.java:71) ~[hibernate-core-7.2.7.Final.jar:7.2.7.Final]
	at org.hibernate.sql.exec.internal.JdbcSelectExecutorStandardImpl.resolveJdbcValues(JdbcSelectExecutorStandardImpl.java:393) ~[hibernate-core-7.2.7.Final.jar:7.2.7.Final]
	at org.hibernate.sql.exec.internal.JdbcSelectExecutorStandardImpl.resolveJdbcValuesSource(JdbcSelectExecutorStandardImpl.java:354) ~[hibernate-core-7.2.7.Final.jar:7.2.7.Final]
	at org.hibernate.sql.exec.internal.JdbcSelectExecutorStandardImpl.doExecuteQuery(JdbcSelectExecutorStandardImpl.java:135) ~[hibernate-core-7.2.7.Final.jar:7.2.7.Final]
	at org.hibernate.sql.exec.internal.JdbcSelectExecutorStandardImpl.executeQuery(JdbcSelectExecutorStandardImpl.java:100) ~[hibernate-core-7.2.7.Final.jar:7.2.7.Final]
	at org.hibernate.sql.exec.spi.JdbcSelectExecutor.executeQuery(JdbcSelectExecutor.java:63) ~[hibernate-core-7.2.7.Final.jar:7.2.7.Final]
	at org.hibernate.sql.exec.spi.JdbcSelectExecutor.list(JdbcSelectExecutor.java:137) ~[hibernate-core-7.2.7.Final.jar:7.2.7.Final]
	at org.hibernate.query.sqm.internal.ConcreteSqmSelectQueryPlan.lambda$new$1(ConcreteSqmSelectQueryPlan.java:128) ~[hibernate-core-7.2.7.Final.jar:7.2.7.Final]
	at org.hibernate.query.sqm.internal.ConcreteSqmSelectQueryPlan.withCacheableSqmInterpretation(ConcreteSqmSelectQueryPlan.java:427) ~[hibernate-core-7.2.7.Final.jar:7.2.7.Final]
	at org.hibernate.query.sqm.internal.ConcreteSqmSelectQueryPlan.performList(ConcreteSqmSelectQueryPlan.java:355) ~[hibernate-core-7.2.7.Final.jar:7.2.7.Final]
	at org.hibernate.query.sqm.internal.SqmQueryImpl.doList(SqmQueryImpl.java:374) ~[hibernate-core-7.2.7.Final.jar:7.2.7.Final]
	at org.hibernate.query.spi.AbstractSelectionQuery.list(AbstractSelectionQuery.java:153) ~[hibernate-core-7.2.7.Final.jar:7.2.7.Final]
	at org.hibernate.query.Query.getResultList(Query.java:121) ~[hibernate-core-7.2.7.Final.jar:7.2.7.Final]
	at org.springframework.data.jpa.repository.query.JpaQueryExecution$CollectionExecution.doExecute(JpaQueryExecution.java:132) ~[spring-data-jpa-4.0.4.jar:4.0.4]
	at org.springframework.data.jpa.repository.query.JpaQueryExecution.execute(JpaQueryExecution.java:99) ~[spring-data-jpa-4.0.4.jar:4.0.4]
	at org.springframework.data.jpa.repository.query.AbstractJpaQuery.doExecute(AbstractJpaQuery.java:164) ~[spring-data-jpa-4.0.4.jar:4.0.4]
	at org.springframework.data.jpa.repository.query.AbstractJpaQuery.execute(AbstractJpaQuery.java:154) ~[spring-data-jpa-4.0.4.jar:4.0.4]
	at org.springframework.data.repository.core.support.RepositoryMethodInvoker.doInvoke(RepositoryMethodInvoker.java:169) ~[spring-data-commons-4.0.4.jar:4.0.4]
	at org.springframework.data.repository.core.support.RepositoryMethodInvoker.invoke(RepositoryMethodInvoker.java:158) ~[spring-data-commons-4.0.4.jar:4.0.4]
	at org.springframework.data.repository.core.support.QueryExecutorMethodInterceptor.doInvoke(QueryExecutorMethodInterceptor.java:167) ~[spring-data-commons-4.0.4.jar:4.0.4]
	at org.springframework.data.repository.core.support.QueryExecutorMethodInterceptor.invoke(QueryExecutorMethodInterceptor.java:146) ~[spring-data-commons-4.0.4.jar:4.0.4]
	at org.springframework.aop.framework.ReflectiveMethodInvocation.proceed(ReflectiveMethodInvocation.java:179) ~[spring-aop-7.0.6.jar:7.0.6]
	at org.springframework.data.projection.DefaultMethodInvokingMethodInterceptor.invoke(DefaultMethodInvokingMethodInterceptor.java:69) ~[spring-data-commons-4.0.4.jar:4.0.4]
	at org.springframework.aop.framework.ReflectiveMethodInvocation.proceed(ReflectiveMethodInvocation.java:179) ~[spring-aop-7.0.6.jar:7.0.6]
	at org.springframework.transaction.interceptor.TransactionInterceptor$1.proceedWithInvocation(TransactionInterceptor.java:133) ~[spring-tx-7.0.6.jar:7.0.6]
	at org.springframework.transaction.interceptor.TransactionAspectSupport.invokeWithinTransaction(TransactionAspectSupport.java:371) ~[spring-tx-7.0.6.jar:7.0.6]
	at org.springframework.transaction.interceptor.TransactionInterceptor.invoke(TransactionInterceptor.java:130) ~[spring-tx-7.0.6.jar:7.0.6]
	at org.springframework.aop.framework.ReflectiveMethodInvocation.proceed(ReflectiveMethodInvocation.java:179) ~[spring-aop-7.0.6.jar:7.0.6]
	at org.springframework.dao.support.PersistenceExceptionTranslationInterceptor.invoke(PersistenceExceptionTranslationInterceptor.java:135) ~[spring-tx-7.0.6.jar:7.0.6]
	at org.springframework.aop.framework.ReflectiveMethodInvocation.proceed(ReflectiveMethodInvocation.java:179) ~[spring-aop-7.0.6.jar:7.0.6]
	at org.springframework.data.jpa.repository.support.CrudMethodMetadataPostProcessor$CrudMethodMetadataPopulatingMethodInterceptor.invoke(CrudMethodMetadataPostProcessor.java:137) ~[spring-data-jpa-4.0.4.jar:4.0.4]
	at org.springframework.aop.framework.ReflectiveMethodInvocation.proceed(ReflectiveMethodInvocation.java:179) ~[spring-aop-7.0.6.jar:7.0.6]
	at org.springframework.aop.framework.JdkDynamicAopProxy.invoke(JdkDynamicAopProxy.java:222) ~[spring-aop-7.0.6.jar:7.0.6]
	at jdk.proxy2/jdk.proxy2.$Proxy132.findDistinctTop5ByDestinationFlightsArrivalDateBetweenOrderByDestinationFlightsEstimatedPassengersDesc(Unknown Source) ~[na:na]
	at com.example.demo.controller.AirportController.topArrivals(AirportController.java:37) ~[classes/:na]
	at java.base/jdk.internal.reflect.NativeMethodAccessorImpl.invoke0(Native Method) ~[na:na]
	at java.base/jdk.internal.reflect.NativeMethodAccessorImpl.invoke(NativeMethodAccessorImpl.java:77) ~[na:na]
	at java.base/jdk.internal.reflect.DelegatingMethodAccessorImpl.invoke(DelegatingMethodAccessorImpl.java:43) ~[na:na]
	at java.base/java.lang.reflect.Method.invoke(Method.java:568) ~[na:na]
	at org.springframework.web.method.support.InvocableHandlerMethod.doInvoke(InvocableHandlerMethod.java:252) ~[spring-web-7.0.6.jar:7.0.6]
	at org.springframework.web.method.support.InvocableHandlerMethod.invokeForRequest(InvocableHandlerMethod.java:184) ~[spring-web-7.0.6.jar:7.0.6]
	at org.springframework.web.servlet.mvc.method.annotation.ServletInvocableHandlerMethod.invokeAndHandle(ServletInvocableHandlerMethod.java:117) ~[spring-webmvc-7.0.6.jar:7.0.6]
	at org.springframework.web.servlet.mvc.method.annotation.RequestMappingHandlerAdapter.invokeHandlerMethod(RequestMappingHandlerAdapter.java:934) ~[spring-webmvc-7.0.6.jar:7.0.6]
	at org.springframework.web.servlet.mvc.method.annotation.RequestMappingHandlerAdapter.handleInternal(RequestMappingHandlerAdapter.java:853) ~[spring-webmvc-7.0.6.jar:7.0.6]
	at org.springframework.web.servlet.mvc.method.AbstractHandlerMethodAdapter.handle(AbstractHandlerMethodAdapter.java:86) ~[spring-webmvc-7.0.6.jar:7.0.6]
	at org.springframework.web.servlet.DispatcherServlet.doDispatch(DispatcherServlet.java:963) ~[spring-webmvc-7.0.6.jar:7.0.6]
	at org.springframework.web.servlet.DispatcherServlet.doService(DispatcherServlet.java:866) ~[spring-webmvc-7.0.6.jar:7.0.6]
	at org.springframework.web.servlet.FrameworkServlet.processRequest(FrameworkServlet.java:1000) ~[spring-webmvc-7.0.6.jar:7.0.6]
	at org.springframework.web.servlet.FrameworkServlet.doGet(FrameworkServlet.java:892) ~[spring-webmvc-7.0.6.jar:7.0.6]
	at jakarta.servlet.http.HttpServlet.service(HttpServlet.java:622) ~[tomcat-embed-core-11.0.18.jar:6.1]
	at org.springframework.web.servlet.FrameworkServlet.service(FrameworkServlet.java:874) ~[spring-webmvc-7.0.6.jar:7.0.6]
	at jakarta.servlet.http.HttpServlet.service(HttpServlet.java:710) ~[tomcat-embed-core-11.0.18.jar:6.1]
	at org.apache.catalina.core.ApplicationFilterChain.doFilter(ApplicationFilterChain.java:128) ~[tomcat-embed-core-11.0.18.jar:11.0.18]
	at org.apache.tomcat.websocket.server.WsFilter.doFilter(WsFilter.java:53) ~[tomcat-embed-websocket-11.0.18.jar:11.0.18]
	at org.apache.catalina.core.ApplicationFilterChain.doFilter(ApplicationFilterChain.java:107) ~[tomcat-embed-core-11.0.18.jar:11.0.18]
	at org.springframework.web.filter.RequestContextFilter.doFilterInternal(RequestContextFilter.java:100) ~[spring-web-7.0.6.jar:7.0.6]
	at org.springframework.web.filter.OncePerRequestFilter.doFilter(OncePerRequestFilter.java:116) ~[spring-web-7.0.6.jar:7.0.6]
	at org.apache.catalina.core.ApplicationFilterChain.doFilter(ApplicationFilterChain.java:107) ~[tomcat-embed-core-11.0.18.jar:11.0.18]
	at org.springframework.web.filter.FormContentFilter.doFilterInternal(FormContentFilter.java:93) ~[spring-web-7.0.6.jar:7.0.6]
	at org.springframework.web.filter.OncePerRequestFilter.doFilter(OncePerRequestFilter.java:116) ~[spring-web-7.0.6.jar:7.0.6]
	at org.apache.catalina.core.ApplicationFilterChain.doFilter(ApplicationFilterChain.java:107) ~[tomcat-embed-core-11.0.18.jar:11.0.18]
	at org.springframework.web.filter.CharacterEncodingFilter.doFilterInternal(CharacterEncodingFilter.java:199) ~[spring-web-7.0.6.jar:7.0.6]
	at org.springframework.web.filter.OncePerRequestFilter.doFilter(OncePerRequestFilter.java:116) ~[spring-web-7.0.6.jar:7.0.6]
	at org.apache.catalina.core.ApplicationFilterChain.doFilter(ApplicationFilterChain.java:107) ~[tomcat-embed-core-11.0.18.jar:11.0.18]
	at org.apache.catalina.core.StandardWrapperValve.invoke(StandardWrapperValve.java:165) ~[tomcat-embed-core-11.0.18.jar:11.0.18]
	at org.apache.catalina.core.StandardContextValve.invoke(StandardContextValve.java:77) ~[tomcat-embed-core-11.0.18.jar:11.0.18]
	at org.apache.catalina.authenticator.AuthenticatorBase.invoke(AuthenticatorBase.java:492) ~[tomcat-embed-core-11.0.18.jar:11.0.18]
	at org.apache.catalina.core.StandardHostValve.invoke(StandardHostValve.java:113) ~[tomcat-embed-core-11.0.18.jar:11.0.18]
	at org.apache.catalina.valves.ErrorReportValve.invoke(ErrorReportValve.java:83) ~[tomcat-embed-core-11.0.18.jar:11.0.18]
	at org.apache.catalina.core.StandardEngineValve.invoke(StandardEngineValve.java:72) ~[tomcat-embed-core-11.0.18.jar:11.0.18]
	at org.apache.catalina.connector.CoyoteAdapter.service(CoyoteAdapter.java:341) ~[tomcat-embed-core-11.0.18.jar:11.0.18]
	at org.apache.coyote.http11.Http11Processor.service(Http11Processor.java:397) ~[tomcat-embed-core-11.0.18.jar:11.0.18]
	at org.apache.coyote.AbstractProcessorLight.process(AbstractProcessorLight.java:63) ~[tomcat-embed-core-11.0.18.jar:11.0.18]
	at org.apache.coyote.AbstractProtocol$ConnectionHandler.process(AbstractProtocol.java:903) ~[tomcat-embed-core-11.0.18.jar:11.0.18]
	at org.apache.tomcat.util.net.NioEndpoint$SocketProcessor.doRun(NioEndpoint.java:1779) ~[tomcat-embed-core-11.0.18.jar:11.0.18]
	at org.apache.tomcat.util.net.SocketProcessorBase.run(SocketProcessorBase.java:52) ~[tomcat-embed-core-11.0.18.jar:11.0.18]
	at org.apache.tomcat.util.threads.ThreadPoolExecutor.runWorker(ThreadPoolExecutor.java:946) ~[tomcat-embed-core-11.0.18.jar:11.0.18]
	at org.apache.tomcat.util.threads.ThreadPoolExecutor$Worker.run(ThreadPoolExecutor.java:480) ~[tomcat-embed-core-11.0.18.jar:11.0.18]
	at org.apache.tomcat.util.threads.TaskThread$WrappingRunnable.run(TaskThread.java:57) ~[tomcat-embed-core-11.0.18.jar:11.0.18]
	at java.base/java.lang.Thread.run(Thread.java:842) ~[na:na]

2026-09-23 15:29:50.953  WARN 7032 --- [demo] [http-nio-8081-exec-3] org.hibernate.orm.jdbc.error             : HHH000247: ErrorCode: 90068, SQLState: 90068
2026-09-23 15:29:50.953  WARN 7032 --- [demo] [http-nio-8081-exec-3] org.hibernate.orm.jdbc.error             : Order by expression "DF1_0.ESTIMATED_PASSENGERS" must be in the result list in this case; SQL statement:
select distinct a1_0.id,a1_0.city,a1_0.country,a1_0.iata_code,a1_0.name from airports a1_0 left join flights df1_0 on a1_0.id=df1_0.destination_airport_id where df1_0.arrival_date between ? and ? order by df1_0.estimated_passengers desc fetch first ? rows only [90068-240]
2026-09-23 15:29:50.954 ERROR 7032 --- [demo] [http-nio-8081-exec-3] o.a.c.c.C.[.[.[.[dispatcherServlet]      : Servlet.service() for servlet [dispatcherServlet] in context with path [/compunet2-2026] threw exception [Request processing failed: org.springframework.dao.InvalidDataAccessResourceUsageException: Could not prepare statement [Order by expression "DF1_0.ESTIMATED_PASSENGERS" must be in the result list in this case; SQL statement:
select distinct a1_0.id,a1_0.city,a1_0.country,a1_0.iata_code,a1_0.name from airports a1_0 left join flights df1_0 on a1_0.id=df1_0.destination_airport_id where df1_0.arrival_date between ? and ? order by df1_0.estimated_passengers desc fetch first ? rows only [90068-240]] [select distinct a1_0.id,a1_0.city,a1_0.country,a1_0.iata_code,a1_0.name from airports a1_0 left join flights df1_0 on a1_0.id=df1_0.destination_airport_id where df1_0.arrival_date between ? and ? order by df1_0.estimated_passengers desc fetch first ? rows only]; SQL [select distinct a1_0.id,a1_0.city,a1_0.country,a1_0.iata_code,a1_0.name from airports a1_0 left join flights df1_0 on a1_0.id=df1_0.destination_airport_id where df1_0.arrival_date between ? and ? order by df1_0.estimated_passengers desc fetch first ? rows only]] with root cause

org.h2.jdbc.JdbcSQLSyntaxErrorException: Order by expression "DF1_0.ESTIMATED_PASSENGERS" must be in the result list in this case; SQL statement:
select distinct a1_0.id,a1_0.city,a1_0.country,a1_0.iata_code,a1_0.name from airports a1_0 left join flights df1_0 on a1_0.id=df1_0.destination_airport_id where df1_0.arrival_date between ? and ? order by df1_0.estimated_passengers desc fetch first ? rows only [90068-240]
	at org.h2.message.DbException.getJdbcSQLException(DbException.java:644) ~[h2-2.4.240.jar:2.4.240]
	at org.h2.message.DbException.getJdbcSQLException(DbException.java:489) ~[h2-2.4.240.jar:2.4.240]
	at org.h2.message.DbException.get(DbException.java:223) ~[h2-2.4.240.jar:2.4.240]
	at org.h2.message.DbException.get(DbException.java:199) ~[h2-2.4.240.jar:2.4.240]
	at org.h2.command.query.Query.initExpression(Query.java:725) ~[h2-2.4.240.jar:2.4.240]
	at org.h2.command.query.Query.initOrder(Query.java:642) ~[h2-2.4.240.jar:2.4.240]
	at org.h2.command.query.Select.init(Select.java:1051) ~[h2-2.4.240.jar:2.4.240]
	at org.h2.command.Parser.parseQuery(Parser.java:2485) ~[h2-2.4.240.jar:2.4.240]
	at org.h2.command.Parser.parsePrepared(Parser.java:613) ~[h2-2.4.240.jar:2.4.240]
	at org.h2.command.Parser.parse(Parser.java:584) ~[h2-2.4.240.jar:2.4.240]
	at org.h2.command.Parser.parse(Parser.java:559) ~[h2-2.4.240.jar:2.4.240]
	at org.h2.command.Parser.prepareCommand(Parser.java:487) ~[h2-2.4.240.jar:2.4.240]
	at org.h2.engine.SessionLocal.prepareLocal(SessionLocal.java:647) ~[h2-2.4.240.jar:2.4.240]
	at org.h2.engine.SessionLocal.prepareCommand(SessionLocal.java:563) ~[h2-2.4.240.jar:2.4.240]
	at org.h2.jdbc.JdbcConnection.prepareCommand(JdbcConnection.java:1160) ~[h2-2.4.240.jar:2.4.240]
	at org.h2.jdbc.JdbcPreparedStatement.<init>(JdbcPreparedStatement.java:93) ~[h2-2.4.240.jar:2.4.240]
	at org.h2.jdbc.JdbcConnection.prepareStatement(JdbcConnection.java:686) ~[h2-2.4.240.jar:2.4.240]
	at com.zaxxer.hikari.pool.ProxyConnection.prepareStatement(ProxyConnection.java:342) ~[HikariCP-7.0.2.jar:na]
	at com.zaxxer.hikari.pool.HikariProxyConnection.prepareStatement(HikariProxyConnection.java) ~[HikariCP-7.0.2.jar:na]
	at org.hibernate.engine.jdbc.internal.StatementPreparerImpl$4.doPrepare(StatementPreparerImpl.java:155) ~[hibernate-core-7.2.7.Final.jar:7.2.7.Final]
	at org.hibernate.engine.jdbc.internal.StatementPreparerImpl$StatementPreparationTemplate.prepareStatement(StatementPreparerImpl.java:183) ~[hibernate-core-7.2.7.Final.jar:7.2.7.Final]
	at org.hibernate.engine.jdbc.internal.StatementPreparerImpl.prepareQueryStatement(StatementPreparerImpl.java:157) ~[hibernate-core-7.2.7.Final.jar:7.2.7.Final]
	at org.hibernate.sql.exec.internal.StandardStatementCreator.createStatement(StandardStatementCreator.java:46) ~[hibernate-core-7.2.7.Final.jar:7.2.7.Final]
	at org.hibernate.sql.results.jdbc.internal.DeferredResultSetAccess.executeQuery(DeferredResultSetAccess.java:257) ~[hibernate-core-7.2.7.Final.jar:7.2.7.Final]
	at org.hibernate.sql.results.jdbc.internal.DeferredResultSetAccess.getResultSet(DeferredResultSetAccess.java:190) ~[hibernate-core-7.2.7.Final.jar:7.2.7.Final]
	at org.hibernate.sql.results.jdbc.internal.JdbcValuesResultSetImpl.<init>(JdbcValuesResultSetImpl.java:71) ~[hibernate-core-7.2.7.Final.jar:7.2.7.Final]
	at org.hibernate.sql.exec.internal.JdbcSelectExecutorStandardImpl.resolveJdbcValues(JdbcSelectExecutorStandardImpl.java:393) ~[hibernate-core-7.2.7.Final.jar:7.2.7.Final]
	at org.hibernate.sql.exec.internal.JdbcSelectExecutorStandardImpl.resolveJdbcValuesSource(JdbcSelectExecutorStandardImpl.java:354) ~[hibernate-core-7.2.7.Final.jar:7.2.7.Final]
	at org.hibernate.sql.exec.internal.JdbcSelectExecutorStandardImpl.doExecuteQuery(JdbcSelectExecutorStandardImpl.java:135) ~[hibernate-core-7.2.7.Final.jar:7.2.7.Final]
	at org.hibernate.sql.exec.internal.JdbcSelectExecutorStandardImpl.executeQuery(JdbcSelectExecutorStandardImpl.java:100) ~[hibernate-core-7.2.7.Final.jar:7.2.7.Final]
	at org.hibernate.sql.exec.spi.JdbcSelectExecutor.executeQuery(JdbcSelectExecutor.java:63) ~[hibernate-core-7.2.7.Final.jar:7.2.7.Final]
	at org.hibernate.sql.exec.spi.JdbcSelectExecutor.list(JdbcSelectExecutor.java:137) ~[hibernate-core-7.2.7.Final.jar:7.2.7.Final]
	at org.hibernate.query.sqm.internal.ConcreteSqmSelectQueryPlan.lambda$new$1(ConcreteSqmSelectQueryPlan.java:128) ~[hibernate-core-7.2.7.Final.jar:7.2.7.Final]
	at org.hibernate.query.sqm.internal.ConcreteSqmSelectQueryPlan.withCacheableSqmInterpretation(ConcreteSqmSelectQueryPlan.java:427) ~[hibernate-core-7.2.7.Final.jar:7.2.7.Final]
	at org.hibernate.query.sqm.internal.ConcreteSqmSelectQueryPlan.performList(ConcreteSqmSelectQueryPlan.java:355) ~[hibernate-core-7.2.7.Final.jar:7.2.7.Final]
	at org.hibernate.query.sqm.internal.SqmQueryImpl.doList(SqmQueryImpl.java:374) ~[hibernate-core-7.2.7.Final.jar:7.2.7.Final]
	at org.hibernate.query.spi.AbstractSelectionQuery.list(AbstractSelectionQuery.java:153) ~[hibernate-core-7.2.7.Final.jar:7.2.7.Final]
	at org.hibernate.query.Query.getResultList(Query.java:121) ~[hibernate-core-7.2.7.Final.jar:7.2.7.Final]
	at org.springframework.data.jpa.repository.query.JpaQueryExecution$CollectionExecution.doExecute(JpaQueryExecution.java:132) ~[spring-data-jpa-4.0.4.jar:4.0.4]
	at org.springframework.data.jpa.repository.query.JpaQueryExecution.execute(JpaQueryExecution.java:99) ~[spring-data-jpa-4.0.4.jar:4.0.4]
	at org.springframework.data.jpa.repository.query.AbstractJpaQuery.doExecute(AbstractJpaQuery.java:164) ~[spring-data-jpa-4.0.4.jar:4.0.4]
	at org.springframework.data.jpa.repository.query.AbstractJpaQuery.execute(AbstractJpaQuery.java:154) ~[spring-data-jpa-4.0.4.jar:4.0.4]
	at org.springframework.data.repository.core.support.RepositoryMethodInvoker.doInvoke(RepositoryMethodInvoker.java:169) ~[spring-data-commons-4.0.4.jar:4.0.4]
	at org.springframework.data.repository.core.support.RepositoryMethodInvoker.invoke(RepositoryMethodInvoker.java:158) ~[spring-data-commons-4.0.4.jar:4.0.4]
	at org.springframework.data.repository.core.support.QueryExecutorMethodInterceptor.doInvoke(QueryExecutorMethodInterceptor.java:167) ~[spring-data-commons-4.0.4.jar:4.0.4]
	at org.springframework.data.repository.core.support.QueryExecutorMethodInterceptor.invoke(QueryExecutorMethodInterceptor.java:146) ~[spring-data-commons-4.0.4.jar:4.0.4]
	at org.springframework.aop.framework.ReflectiveMethodInvocation.proceed(ReflectiveMethodInvocation.java:179) ~[spring-aop-7.0.6.jar:7.0.6]
	at org.springframework.data.projection.DefaultMethodInvokingMethodInterceptor.invoke(DefaultMethodInvokingMethodInterceptor.java:69) ~[spring-data-commons-4.0.4.jar:4.0.4]
	at org.springframework.aop.framework.ReflectiveMethodInvocation.proceed(ReflectiveMethodInvocation.java:179) ~[spring-aop-7.0.6.jar:7.0.6]
	at org.springframework.transaction.interceptor.TransactionInterceptor$1.proceedWithInvocation(TransactionInterceptor.java:133) ~[spring-tx-7.0.6.jar:7.0.6]
	at org.springframework.transaction.interceptor.TransactionAspectSupport.invokeWithinTransaction(TransactionAspectSupport.java:371) ~[spring-tx-7.0.6.jar:7.0.6]
	at org.springframework.transaction.interceptor.TransactionInterceptor.invoke(TransactionInterceptor.java:130) ~[spring-tx-7.0.6.jar:7.0.6]
	at org.springframework.aop.framework.ReflectiveMethodInvocation.proceed(ReflectiveMethodInvocation.java:179) ~[spring-aop-7.0.6.jar:7.0.6]
	at org.springframework.dao.support.PersistenceExceptionTranslationInterceptor.invoke(PersistenceExceptionTranslationInterceptor.java:135) ~[spring-tx-7.0.6.jar:7.0.6]
	at org.springframework.aop.framework.ReflectiveMethodInvocation.proceed(ReflectiveMethodInvocation.java:179) ~[spring-aop-7.0.6.jar:7.0.6]
	at org.springframework.data.jpa.repository.support.CrudMethodMetadataPostProcessor$CrudMethodMetadataPopulatingMethodInterceptor.invoke(CrudMethodMetadataPostProcessor.java:137) ~[spring-data-jpa-4.0.4.jar:4.0.4]
	at org.springframework.aop.framework.ReflectiveMethodInvocation.proceed(ReflectiveMethodInvocation.java:179) ~[spring-aop-7.0.6.jar:7.0.6]
	at org.springframework.aop.framework.JdkDynamicAopProxy.invoke(JdkDynamicAopProxy.java:222) ~[spring-aop-7.0.6.jar:7.0.6]
	at jdk.proxy2/jdk.proxy2.$Proxy132.findDistinctTop5ByDestinationFlightsArrivalDateBetweenOrderByDestinationFlightsEstimatedPassengersDesc(Unknown Source) ~[na:na]
	at com.example.demo.controller.AirportController.topArrivals(AirportController.java:37) ~[classes/:na]
	at java.base/jdk.internal.reflect.NativeMethodAccessorImpl.invoke0(Native Method) ~[na:na]
	at java.base/jdk.internal.reflect.NativeMethodAccessorImpl.invoke(NativeMethodAccessorImpl.java:77) ~[na:na]
	at java.base/jdk.internal.reflect.DelegatingMethodAccessorImpl.invoke(DelegatingMethodAccessorImpl.java:43) ~[na:na]
	at java.base/java.lang.reflect.Method.invoke(Method.java:568) ~[na:na]
	at org.springframework.web.method.support.InvocableHandlerMethod.doInvoke(InvocableHandlerMethod.java:252) ~[spring-web-7.0.6.jar:7.0.6]
	at org.springframework.web.method.support.InvocableHandlerMethod.invokeForRequest(InvocableHandlerMethod.java:184) ~[spring-web-7.0.6.jar:7.0.6]
	at org.springframework.web.servlet.mvc.method.annotation.ServletInvocableHandlerMethod.invokeAndHandle(ServletInvocableHandlerMethod.java:117) ~[spring-webmvc-7.0.6.jar:7.0.6]
	at org.springframework.web.servlet.mvc.method.annotation.RequestMappingHandlerAdapter.invokeHandlerMethod(RequestMappingHandlerAdapter.java:934) ~[spring-webmvc-7.0.6.jar:7.0.6]
	at org.springframework.web.servlet.mvc.method.annotation.RequestMappingHandlerAdapter.handleInternal(RequestMappingHandlerAdapter.java:853) ~[spring-webmvc-7.0.6.jar:7.0.6]
	at org.springframework.web.servlet.mvc.method.AbstractHandlerMethodAdapter.handle(AbstractHandlerMethodAdapter.java:86) ~[spring-webmvc-7.0.6.jar:7.0.6]
	at org.springframework.web.servlet.DispatcherServlet.doDispatch(DispatcherServlet.java:963) ~[spring-webmvc-7.0.6.jar:7.0.6]
	at org.springframework.web.servlet.DispatcherServlet.doService(DispatcherServlet.java:866) ~[spring-webmvc-7.0.6.jar:7.0.6]
	at org.springframework.web.servlet.FrameworkServlet.processRequest(FrameworkServlet.java:1000) ~[spring-webmvc-7.0.6.jar:7.0.6]
	at org.springframework.web.servlet.FrameworkServlet.doGet(FrameworkServlet.java:892) ~[spring-webmvc-7.0.6.jar:7.0.6]
	at jakarta.servlet.http.HttpServlet.service(HttpServlet.java:622) ~[tomcat-embed-core-11.0.18.jar:6.1]
	at org.springframework.web.servlet.FrameworkServlet.service(FrameworkServlet.java:874) ~[spring-webmvc-7.0.6.jar:7.0.6]
	at jakarta.servlet.http.HttpServlet.service(HttpServlet.java:710) ~[tomcat-embed-core-11.0.18.jar:6.1]
	at org.apache.catalina.core.ApplicationFilterChain.doFilter(ApplicationFilterChain.java:128) ~[tomcat-embed-core-11.0.18.jar:11.0.18]
	at org.apache.tomcat.websocket.server.WsFilter.doFilter(WsFilter.java:53) ~[tomcat-embed-websocket-11.0.18.jar:11.0.18]
	at org.apache.catalina.core.ApplicationFilterChain.doFilter(ApplicationFilterChain.java:107) ~[tomcat-embed-core-11.0.18.jar:11.0.18]
	at org.springframework.web.filter.RequestContextFilter.doFilterInternal(RequestContextFilter.java:100) ~[spring-web-7.0.6.jar:7.0.6]
	at org.springframework.web.filter.OncePerRequestFilter.doFilter(OncePerRequestFilter.java:116) ~[spring-web-7.0.6.jar:7.0.6]
	at org.apache.catalina.core.ApplicationFilterChain.doFilter(ApplicationFilterChain.java:107) ~[tomcat-embed-core-11.0.18.jar:11.0.18]
	at org.springframework.web.filter.FormContentFilter.doFilterInternal(FormContentFilter.java:93) ~[spring-web-7.0.6.jar:7.0.6]
	at org.springframework.web.filter.OncePerRequestFilter.doFilter(OncePerRequestFilter.java:116) ~[spring-web-7.0.6.jar:7.0.6]
	at org.apache.catalina.core.ApplicationFilterChain.doFilter(ApplicationFilterChain.java:107) ~[tomcat-embed-core-11.0.18.jar:11.0.18]
	at org.springframework.web.filter.CharacterEncodingFilter.doFilterInternal(CharacterEncodingFilter.java:199) ~[spring-web-7.0.6.jar:7.0.6]
	at org.springframework.web.filter.OncePerRequestFilter.doFilter(OncePerRequestFilter.java:116) ~[spring-web-7.0.6.jar:7.0.6]
	at org.apache.catalina.core.ApplicationFilterChain.doFilter(ApplicationFilterChain.java:107) ~[tomcat-embed-core-11.0.18.jar:11.0.18]
	at org.apache.catalina.core.StandardWrapperValve.invoke(StandardWrapperValve.java:165) ~[tomcat-embed-core-11.0.18.jar:11.0.18]
	at org.apache.catalina.core.StandardContextValve.invoke(StandardContextValve.java:77) ~[tomcat-embed-core-11.0.18.jar:11.0.18]
	at org.apache.catalina.authenticator.AuthenticatorBase.invoke(AuthenticatorBase.java:492) ~[tomcat-embed-core-11.0.18.jar:11.0.18]
	at org.apache.catalina.core.StandardHostValve.invoke(StandardHostValve.java:113) ~[tomcat-embed-core-11.0.18.jar:11.0.18]
	at org.apache.catalina.valves.ErrorReportValve.invoke(ErrorReportValve.java:83) ~[tomcat-embed-core-11.0.18.jar:11.0.18]
	at org.apache.catalina.core.StandardEngineValve.invoke(StandardEngineValve.java:72) ~[tomcat-embed-core-11.0.18.jar:11.0.18]
	at org.apache.catalina.connector.CoyoteAdapter.service(CoyoteAdapter.java:341) ~[tomcat-embed-core-11.0.18.jar:11.0.18]
	at org.apache.coyote.http11.Http11Processor.service(Http11Processor.java:397) ~[tomcat-embed-core-11.0.18.jar:11.0.18]
	at org.apache.coyote.AbstractProcessorLight.process(AbstractProcessorLight.java:63) ~[tomcat-embed-core-11.0.18.jar:11.0.18]
	at org.apache.coyote.AbstractProtocol$ConnectionHandler.process(AbstractProtocol.java:903) ~[tomcat-embed-core-11.0.18.jar:11.0.18]
	at org.apache.tomcat.util.net.NioEndpoint$SocketProcessor.doRun(NioEndpoint.java:1779) ~[tomcat-embed-core-11.0.18.jar:11.0.18]
	at org.apache.tomcat.util.net.SocketProcessorBase.run(SocketProcessorBase.java:52) ~[tomcat-embed-core-11.0.18.jar:11.0.18]
	at org.apache.tomcat.util.threads.ThreadPoolExecutor.runWorker(ThreadPoolExecutor.java:946) ~[tomcat-embed-core-11.0.18.jar:11.0.18]
	at org.apache.tomcat.util.threads.ThreadPoolExecutor$Worker.run(ThreadPoolExecutor.java:480) ~[tomcat-embed-core-11.0.18.jar:11.0.18]
	at org.apache.tomcat.util.threads.TaskThread$WrappingRunnable.run(TaskThread.java:57) ~[tomcat-embed-core-11.0.18.jar:11.0.18]
	at java.base/java.lang.Thread.run(Thread.java:842) ~[na:na]

2026-09-23 15:31:44.682  WARN 7032 --- [demo] [http-nio-8081-exec-8] org.hibernate.orm.jdbc.error             : HHH000247: ErrorCode: 90068, SQLState: 90068
2026-09-23 15:31:44.682  WARN 7032 --- [demo] [http-nio-8081-exec-8] org.hibernate.orm.jdbc.error             : Order by expression "DF1_0.ESTIMATED_PASSENGERS" must be in the result list in this case; SQL statement:
select distinct a1_0.id,a1_0.city,a1_0.country,a1_0.iata_code,a1_0.name from airports a1_0 left join flights df1_0 on a1_0.id=df1_0.destination_airport_id where df1_0.arrival_date between ? and ? order by df1_0.estimated_passengers desc fetch first ? rows only [90068-240]
2026-09-23 15:31:44.683 ERROR 7032 --- [demo] [http-nio-8081-exec-8] o.a.c.c.C.[.[.[.[dispatcherServlet]      : Servlet.service() for servlet [dispatcherServlet] in context with path [/compunet2-2026] threw exception [Request processing failed: org.springframework.dao.InvalidDataAccessResourceUsageException: Could not prepare statement [Order by expression "DF1_0.ESTIMATED_PASSENGERS" must be in the result list in this case; SQL statement:
select distinct a1_0.id,a1_0.city,a1_0.country,a1_0.iata_code,a1_0.name from airports a1_0 left join flights df1_0 on a1_0.id=df1_0.destination_airport_id where df1_0.arrival_date between ? and ? order by df1_0.estimated_passengers desc fetch first ? rows only [90068-240]] [select distinct a1_0.id,a1_0.city,a1_0.country,a1_0.iata_code,a1_0.name from airports a1_0 left join flights df1_0 on a1_0.id=df1_0.destination_airport_id where df1_0.arrival_date between ? and ? order by df1_0.estimated_passengers desc fetch first ? rows only]; SQL [select distinct a1_0.id,a1_0.city,a1_0.country,a1_0.iata_code,a1_0.name from airports a1_0 left join flights df1_0 on a1_0.id=df1_0.destination_airport_id where df1_0.arrival_date between ? and ? order by df1_0.estimated_passengers desc fetch first ? rows only]] with root cause

org.h2.jdbc.JdbcSQLSyntaxErrorException: Order by expression "DF1_0.ESTIMATED_PASSENGERS" must be in the result list in this case; SQL statement:
select distinct a1_0.id,a1_0.city,a1_0.country,a1_0.iata_code,a1_0.name from airports a1_0 left join flights df1_0 on a1_0.id=df1_0.destination_airport_id where df1_0.arrival_date between ? and ? order by df1_0.estimated_passengers desc fetch first ? rows only [90068-240]
	at org.h2.message.DbException.getJdbcSQLException(DbException.java:644) ~[h2-2.4.240.jar:2.4.240]
	at org.h2.message.DbException.getJdbcSQLException(DbException.java:489) ~[h2-2.4.240.jar:2.4.240]
	at org.h2.message.DbException.get(DbException.java:223) ~[h2-2.4.240.jar:2.4.240]
	at org.h2.message.DbException.get(DbException.java:199) ~[h2-2.4.240.jar:2.4.240]
	at org.h2.command.query.Query.initExpression(Query.java:725) ~[h2-2.4.240.jar:2.4.240]
	at org.h2.command.query.Query.initOrder(Query.java:642) ~[h2-2.4.240.jar:2.4.240]
	at org.h2.command.query.Select.init(Select.java:1051) ~[h2-2.4.240.jar:2.4.240]
	at org.h2.command.Parser.parseQuery(Parser.java:2485) ~[h2-2.4.240.jar:2.4.240]
	at org.h2.command.Parser.parsePrepared(Parser.java:613) ~[h2-2.4.240.jar:2.4.240]
	at org.h2.command.Parser.parse(Parser.java:584) ~[h2-2.4.240.jar:2.4.240]
	at org.h2.command.Parser.parse(Parser.java:559) ~[h2-2.4.240.jar:2.4.240]
	at org.h2.command.Parser.prepareCommand(Parser.java:487) ~[h2-2.4.240.jar:2.4.240]
	at org.h2.engine.SessionLocal.prepareLocal(SessionLocal.java:647) ~[h2-2.4.240.jar:2.4.240]
	at org.h2.engine.SessionLocal.prepareCommand(SessionLocal.java:563) ~[h2-2.4.240.jar:2.4.240]
	at org.h2.jdbc.JdbcConnection.prepareCommand(JdbcConnection.java:1160) ~[h2-2.4.240.jar:2.4.240]
	at org.h2.jdbc.JdbcPreparedStatement.<init>(JdbcPreparedStatement.java:93) ~[h2-2.4.240.jar:2.4.240]
	at org.h2.jdbc.JdbcConnection.prepareStatement(JdbcConnection.java:686) ~[h2-2.4.240.jar:2.4.240]
	at com.zaxxer.hikari.pool.ProxyConnection.prepareStatement(ProxyConnection.java:342) ~[HikariCP-7.0.2.jar:na]
	at com.zaxxer.hikari.pool.HikariProxyConnection.prepareStatement(HikariProxyConnection.java) ~[HikariCP-7.0.2.jar:na]
	at org.hibernate.engine.jdbc.internal.StatementPreparerImpl$4.doPrepare(StatementPreparerImpl.java:155) ~[hibernate-core-7.2.7.Final.jar:7.2.7.Final]
	at org.hibernate.engine.jdbc.internal.StatementPreparerImpl$StatementPreparationTemplate.prepareStatement(StatementPreparerImpl.java:183) ~[hibernate-core-7.2.7.Final.jar:7.2.7.Final]
	at org.hibernate.engine.jdbc.internal.StatementPreparerImpl.prepareQueryStatement(StatementPreparerImpl.java:157) ~[hibernate-core-7.2.7.Final.jar:7.2.7.Final]
	at org.hibernate.sql.exec.internal.StandardStatementCreator.createStatement(StandardStatementCreator.java:46) ~[hibernate-core-7.2.7.Final.jar:7.2.7.Final]
	at org.hibernate.sql.results.jdbc.internal.DeferredResultSetAccess.executeQuery(DeferredResultSetAccess.java:257) ~[hibernate-core-7.2.7.Final.jar:7.2.7.Final]
	at org.hibernate.sql.results.jdbc.internal.DeferredResultSetAccess.getResultSet(DeferredResultSetAccess.java:190) ~[hibernate-core-7.2.7.Final.jar:7.2.7.Final]
	at org.hibernate.sql.results.jdbc.internal.JdbcValuesResultSetImpl.<init>(JdbcValuesResultSetImpl.java:71) ~[hibernate-core-7.2.7.Final.jar:7.2.7.Final]
	at org.hibernate.sql.exec.internal.JdbcSelectExecutorStandardImpl.resolveJdbcValues(JdbcSelectExecutorStandardImpl.java:393) ~[hibernate-core-7.2.7.Final.jar:7.2.7.Final]
	at org.hibernate.sql.exec.internal.JdbcSelectExecutorStandardImpl.resolveJdbcValuesSource(JdbcSelectExecutorStandardImpl.java:354) ~[hibernate-core-7.2.7.Final.jar:7.2.7.Final]
	at org.hibernate.sql.exec.internal.JdbcSelectExecutorStandardImpl.doExecuteQuery(JdbcSelectExecutorStandardImpl.java:135) ~[hibernate-core-7.2.7.Final.jar:7.2.7.Final]
	at org.hibernate.sql.exec.internal.JdbcSelectExecutorStandardImpl.executeQuery(JdbcSelectExecutorStandardImpl.java:100) ~[hibernate-core-7.2.7.Final.jar:7.2.7.Final]
	at org.hibernate.sql.exec.spi.JdbcSelectExecutor.executeQuery(JdbcSelectExecutor.java:63) ~[hibernate-core-7.2.7.Final.jar:7.2.7.Final]
	at org.hibernate.sql.exec.spi.JdbcSelectExecutor.list(JdbcSelectExecutor.java:137) ~[hibernate-core-7.2.7.Final.jar:7.2.7.Final]
	at org.hibernate.query.sqm.internal.ConcreteSqmSelectQueryPlan.lambda$new$1(ConcreteSqmSelectQueryPlan.java:128) ~[hibernate-core-7.2.7.Final.jar:7.2.7.Final]
	at org.hibernate.query.sqm.internal.ConcreteSqmSelectQueryPlan.withCacheableSqmInterpretation(ConcreteSqmSelectQueryPlan.java:427) ~[hibernate-core-7.2.7.Final.jar:7.2.7.Final]
	at org.hibernate.query.sqm.internal.ConcreteSqmSelectQueryPlan.performList(ConcreteSqmSelectQueryPlan.java:355) ~[hibernate-core-7.2.7.Final.jar:7.2.7.Final]
	at org.hibernate.query.sqm.internal.SqmQueryImpl.doList(SqmQueryImpl.java:374) ~[hibernate-core-7.2.7.Final.jar:7.2.7.Final]
	at org.hibernate.query.spi.AbstractSelectionQuery.list(AbstractSelectionQuery.java:153) ~[hibernate-core-7.2.7.Final.jar:7.2.7.Final]
	at org.hibernate.query.Query.getResultList(Query.java:121) ~[hibernate-core-7.2.7.Final.jar:7.2.7.Final]
	at org.springframework.data.jpa.repository.query.JpaQueryExecution$CollectionExecution.doExecute(JpaQueryExecution.java:132) ~[spring-data-jpa-4.0.4.jar:4.0.4]
	at org.springframework.data.jpa.repository.query.JpaQueryExecution.execute(JpaQueryExecution.java:99) ~[spring-data-jpa-4.0.4.jar:4.0.4]
	at org.springframework.data.jpa.repository.query.AbstractJpaQuery.doExecute(AbstractJpaQuery.java:164) ~[spring-data-jpa-4.0.4.jar:4.0.4]
	at org.springframework.data.jpa.repository.query.AbstractJpaQuery.execute(AbstractJpaQuery.java:154) ~[spring-data-jpa-4.0.4.jar:4.0.4]
	at org.springframework.data.repository.core.support.RepositoryMethodInvoker.doInvoke(RepositoryMethodInvoker.java:169) ~[spring-data-commons-4.0.4.jar:4.0.4]
	at org.springframework.data.repository.core.support.RepositoryMethodInvoker.invoke(RepositoryMethodInvoker.java:158) ~[spring-data-commons-4.0.4.jar:4.0.4]
	at org.springframework.data.repository.core.support.QueryExecutorMethodInterceptor.doInvoke(QueryExecutorMethodInterceptor.java:167) ~[spring-data-commons-4.0.4.jar:4.0.4]
	at org.springframework.data.repository.core.support.QueryExecutorMethodInterceptor.invoke(QueryExecutorMethodInterceptor.java:146) ~[spring-data-commons-4.0.4.jar:4.0.4]
	at org.springframework.aop.framework.ReflectiveMethodInvocation.proceed(ReflectiveMethodInvocation.java:179) ~[spring-aop-7.0.6.jar:7.0.6]
	at org.springframework.data.projection.DefaultMethodInvokingMethodInterceptor.invoke(DefaultMethodInvokingMethodInterceptor.java:69) ~[spring-data-commons-4.0.4.jar:4.0.4]
	at org.springframework.aop.framework.ReflectiveMethodInvocation.proceed(ReflectiveMethodInvocation.java:179) ~[spring-aop-7.0.6.jar:7.0.6]
	at org.springframework.transaction.interceptor.TransactionInterceptor$1.proceedWithInvocation(TransactionInterceptor.java:133) ~[spring-tx-7.0.6.jar:7.0.6]
	at org.springframework.transaction.interceptor.TransactionAspectSupport.invokeWithinTransaction(TransactionAspectSupport.java:371) ~[spring-tx-7.0.6.jar:7.0.6]
	at org.springframework.transaction.interceptor.TransactionInterceptor.invoke(TransactionInterceptor.java:130) ~[spring-tx-7.0.6.jar:7.0.6]
	at org.springframework.aop.framework.ReflectiveMethodInvocation.proceed(ReflectiveMethodInvocation.java:179) ~[spring-aop-7.0.6.jar:7.0.6]
	at org.springframework.dao.support.PersistenceExceptionTranslationInterceptor.invoke(PersistenceExceptionTranslationInterceptor.java:135) ~[spring-tx-7.0.6.jar:7.0.6]
	at org.springframework.aop.framework.ReflectiveMethodInvocation.proceed(ReflectiveMethodInvocation.java:179) ~[spring-aop-7.0.6.jar:7.0.6]
	at org.springframework.data.jpa.repository.support.CrudMethodMetadataPostProcessor$CrudMethodMetadataPopulatingMethodInterceptor.invoke(CrudMethodMetadataPostProcessor.java:137) ~[spring-data-jpa-4.0.4.jar:4.0.4]
	at org.springframework.aop.framework.ReflectiveMethodInvocation.proceed(ReflectiveMethodInvocation.java:179) ~[spring-aop-7.0.6.jar:7.0.6]
	at org.springframework.aop.framework.JdkDynamicAopProxy.invoke(JdkDynamicAopProxy.java:222) ~[spring-aop-7.0.6.jar:7.0.6]
	at jdk.proxy2/jdk.proxy2.$Proxy132.findDistinctTop5ByDestinationFlightsArrivalDateBetweenOrderByDestinationFlightsEstimatedPassengersDesc(Unknown Source) ~[na:na]
	at com.example.demo.controller.AirportController.topArrivals(AirportController.java:37) ~[classes/:na]
	at java.base/jdk.internal.reflect.NativeMethodAccessorImpl.invoke0(Native Method) ~[na:na]
	at java.base/jdk.internal.reflect.NativeMethodAccessorImpl.invoke(NativeMethodAccessorImpl.java:77) ~[na:na]
	at java.base/jdk.internal.reflect.DelegatingMethodAccessorImpl.invoke(DelegatingMethodAccessorImpl.java:43) ~[na:na]
	at java.base/java.lang.reflect.Method.invoke(Method.java:568) ~[na:na]
	at org.springframework.web.method.support.InvocableHandlerMethod.doInvoke(InvocableHandlerMethod.java:252) ~[spring-web-7.0.6.jar:7.0.6]
	at org.springframework.web.method.support.InvocableHandlerMethod.invokeForRequest(InvocableHandlerMethod.java:184) ~[spring-web-7.0.6.jar:7.0.6]
	at org.springframework.web.servlet.mvc.method.annotation.ServletInvocableHandlerMethod.invokeAndHandle(ServletInvocableHandlerMethod.java:117) ~[spring-webmvc-7.0.6.jar:7.0.6]
	at org.springframework.web.servlet.mvc.method.annotation.RequestMappingHandlerAdapter.invokeHandlerMethod(RequestMappingHandlerAdapter.java:934) ~[spring-webmvc-7.0.6.jar:7.0.6]
	at org.springframework.web.servlet.mvc.method.annotation.RequestMappingHandlerAdapter.handleInternal(RequestMappingHandlerAdapter.java:853) ~[spring-webmvc-7.0.6.jar:7.0.6]
	at org.springframework.web.servlet.mvc.method.AbstractHandlerMethodAdapter.handle(AbstractHandlerMethodAdapter.java:86) ~[spring-webmvc-7.0.6.jar:7.0.6]
	at org.springframework.web.servlet.DispatcherServlet.doDispatch(DispatcherServlet.java:963) ~[spring-webmvc-7.0.6.jar:7.0.6]
	at org.springframework.web.servlet.DispatcherServlet.doService(DispatcherServlet.java:866) ~[spring-webmvc-7.0.6.jar:7.0.6]
	at org.springframework.web.servlet.FrameworkServlet.processRequest(FrameworkServlet.java:1000) ~[spring-webmvc-7.0.6.jar:7.0.6]
	at org.springframework.web.servlet.FrameworkServlet.doGet(FrameworkServlet.java:892) ~[spring-webmvc-7.0.6.jar:7.0.6]
	at jakarta.servlet.http.HttpServlet.service(HttpServlet.java:622) ~[tomcat-embed-core-11.0.18.jar:6.1]
	at org.springframework.web.servlet.FrameworkServlet.service(FrameworkServlet.java:874) ~[spring-webmvc-7.0.6.jar:7.0.6]
	at jakarta.servlet.http.HttpServlet.service(HttpServlet.java:710) ~[tomcat-embed-core-11.0.18.jar:6.1]
	at org.apache.catalina.core.ApplicationFilterChain.doFilter(ApplicationFilterChain.java:128) ~[tomcat-embed-core-11.0.18.jar:11.0.18]
	at org.apache.tomcat.websocket.server.WsFilter.doFilter(WsFilter.java:53) ~[tomcat-embed-websocket-11.0.18.jar:11.0.18]
	at org.apache.catalina.core.ApplicationFilterChain.doFilter(ApplicationFilterChain.java:107) ~[tomcat-embed-core-11.0.18.jar:11.0.18]
	at org.springframework.web.filter.RequestContextFilter.doFilterInternal(RequestContextFilter.java:100) ~[spring-web-7.0.6.jar:7.0.6]
	at org.springframework.web.filter.OncePerRequestFilter.doFilter(OncePerRequestFilter.java:116) ~[spring-web-7.0.6.jar:7.0.6]
	at org.apache.catalina.core.ApplicationFilterChain.doFilter(ApplicationFilterChain.java:107) ~[tomcat-embed-core-11.0.18.jar:11.0.18]
	at org.springframework.web.filter.FormContentFilter.doFilterInternal(FormContentFilter.java:93) ~[spring-web-7.0.6.jar:7.0.6]
	at org.springframework.web.filter.OncePerRequestFilter.doFilter(OncePerRequestFilter.java:116) ~[spring-web-7.0.6.jar:7.0.6]
	at org.apache.catalina.core.ApplicationFilterChain.doFilter(ApplicationFilterChain.java:107) ~[tomcat-embed-core-11.0.18.jar:11.0.18]
	at org.springframework.web.filter.CharacterEncodingFilter.doFilterInternal(CharacterEncodingFilter.java:199) ~[spring-web-7.0.6.jar:7.0.6]
	at org.springframework.web.filter.OncePerRequestFilter.doFilter(OncePerRequestFilter.java:116) ~[spring-web-7.0.6.jar:7.0.6]
	at org.apache.catalina.core.ApplicationFilterChain.doFilter(ApplicationFilterChain.java:107) ~[tomcat-embed-core-11.0.18.jar:11.0.18]
	at org.apache.catalina.core.StandardWrapperValve.invoke(StandardWrapperValve.java:165) ~[tomcat-embed-core-11.0.18.jar:11.0.18]
	at org.apache.catalina.core.StandardContextValve.invoke(StandardContextValve.java:77) ~[tomcat-embed-core-11.0.18.jar:11.0.18]
	at org.apache.catalina.authenticator.AuthenticatorBase.invoke(AuthenticatorBase.java:492) ~[tomcat-embed-core-11.0.18.jar:11.0.18]
	at org.apache.catalina.core.StandardHostValve.invoke(StandardHostValve.java:113) ~[tomcat-embed-core-11.0.18.jar:11.0.18]
	at org.apache.catalina.valves.ErrorReportValve.invoke(ErrorReportValve.java:83) ~[tomcat-embed-core-11.0.18.jar:11.0.18]
	at org.apache.catalina.core.StandardEngineValve.invoke(StandardEngineValve.java:72) ~[tomcat-embed-core-11.0.18.jar:11.0.18]
	at org.apache.catalina.connector.CoyoteAdapter.service(CoyoteAdapter.java:341) ~[tomcat-embed-core-11.0.18.jar:11.0.18]
	at org.apache.coyote.http11.Http11Processor.service(Http11Processor.java:397) ~[tomcat-embed-core-11.0.18.jar:11.0.18]
	at org.apache.coyote.AbstractProcessorLight.process(AbstractProcessorLight.java:63) ~[tomcat-embed-core-11.0.18.jar:11.0.18]
	at org.apache.coyote.AbstractProtocol$ConnectionHandler.process(AbstractProtocol.java:903) ~[tomcat-embed-core-11.0.18.jar:11.0.18]
	at org.apache.tomcat.util.net.NioEndpoint$SocketProcessor.doRun(NioEndpoint.java:1779) ~[tomcat-embed-core-11.0.18.jar:11.0.18]
	at org.apache.tomcat.util.net.SocketProcessorBase.run(SocketProcessorBase.java:52) ~[tomcat-embed-core-11.0.18.jar:11.0.18]
	at org.apache.tomcat.util.threads.ThreadPoolExecutor.runWorker(ThreadPoolExecutor.java:946) ~[tomcat-embed-core-11.0.18.jar:11.0.18]
	at org.apache.tomcat.util.threads.ThreadPoolExecutor$Worker.run(ThreadPoolExecutor.java:480) ~[tomcat-embed-core-11.0.18.jar:11.0.18]
	at org.apache.tomcat.util.threads.TaskThread$WrappingRunnable.run(TaskThread.java:57) ~[tomcat-embed-core-11.0.18.jar:11.0.18]
	at java.base/java.lang.Thread.run(Thread.java:842) ~[na:na]

2026-09-23 15:32:57.553  INFO 7032 --- [demo] [SpringApplicationShutdownHook] o.s.boot.tomcat.GracefulShutdown         : Commencing graceful shutdown. Waiting for active requests to complete
2026-09-23 15:32:57.588  INFO 7032 --- [demo] [tomcat-shutdown] o.s.boot.tomcat.GracefulShutdown         : Graceful shutdown complete
2026-09-23 15:32:57.589  INFO 7032 --- [demo] [SpringApplicationShutdownHook] j.LocalContainerEntityManagerFactoryBean : Closing JPA EntityManagerFactory for persistence unit 'default'
2026-09-23 15:32:57.594  INFO 7032 --- [demo] [SpringApplicationShutdownHook] com.zaxxer.hikari.HikariDataSource       : HikariPool-1 - Shutdown initiated...
2026-09-23 15:32:57.594  INFO 7032 --- [demo] [SpringApplicationShutdownHook] com.zaxxer.hikari.HikariDataSource       : HikariPool-1 - Shutdown completed.
2026-09-23 15:33:02.976  INFO 25632 --- [demo] [main] com.example.demo.DemoApplication         : Starting DemoApplication using Java 17.0.12 with PID 25632 (C:\Users\STONEY\Projects\CNET II\parcial-avion\target\classes started by STONEY in C:\Users\STONEY\Projects\CNET II\parcial-avion)
2026-09-23 15:33:02.979  INFO 25632 --- [demo] [main] com.example.demo.DemoApplication         : No active profile set, falling back to 1 default profile: "default"
2026-09-23 15:33:03.307  INFO 25632 --- [demo] [main] .s.d.r.c.RepositoryConfigurationDelegate : Bootstrapping Spring Data JPA repositories in DEFAULT mode.
2026-09-23 15:33:03.345  INFO 25632 --- [demo] [main] .s.d.r.c.RepositoryConfigurationDelegate : Finished Spring Data repository scanning in 33 ms. Found 6 JPA repository interfaces.
2026-09-23 15:33:03.613  INFO 25632 --- [demo] [main] o.s.boot.tomcat.TomcatWebServer          : Tomcat initialized with port 8081 (http)
2026-09-23 15:33:03.621  INFO 25632 --- [demo] [main] o.apache.catalina.core.StandardService   : Starting service [Tomcat]
2026-09-23 15:33:03.621  INFO 25632 --- [demo] [main] o.apache.catalina.core.StandardEngine    : Starting Servlet engine: [Apache Tomcat/11.0.18]
2026-09-23 15:33:03.662  INFO 25632 --- [demo] [main] b.w.c.s.WebApplicationContextInitializer : Root WebApplicationContext: initialization completed in 655 ms
2026-09-23 15:33:03.760  INFO 25632 --- [demo] [main] org.hibernate.orm.jpa                    : HHH008540: Processing PersistenceUnitInfo [name: default]
2026-09-23 15:33:03.797  INFO 25632 --- [demo] [main] org.hibernate.orm.core                   : HHH000001: Hibernate ORM core version 7.2.7.Final
2026-09-23 15:33:04.095  INFO 25632 --- [demo] [main] o.s.o.j.p.SpringPersistenceUnitInfo      : No LoadTimeWeaver setup: ignoring JPA class transformer
2026-09-23 15:33:04.122  INFO 25632 --- [demo] [main] com.zaxxer.hikari.HikariDataSource       : HikariPool-1 - Starting...
2026-09-23 15:33:04.232  INFO 25632 --- [demo] [main] com.zaxxer.hikari.pool.HikariPool        : HikariPool-1 - Added connection conn0: url=jdbc:h2:mem:db-test user=POSTGRES
2026-09-23 15:33:04.234  INFO 25632 --- [demo] [main] com.zaxxer.hikari.HikariDataSource       : HikariPool-1 - Start completed.
2026-09-23 15:33:04.272  INFO 25632 --- [demo] [main] org.hibernate.orm.connections.pooling    : HHH10001005: Database info:
	Database JDBC URL [jdbc:h2:mem:db-test]
	Database driver: H2 JDBC Driver
	Database dialect: H2Dialect
	Database version: 2.4.240
	Default catalog/schema: DB-TEST/PUBLIC
	Autocommit mode: undefined/unknown
	Isolation level: READ_COMMITTED [default READ_COMMITTED]
	JDBC fetch size: 100
	Pool: DataSourceConnectionProvider
	Minimum pool size: undefined/unknown
	Maximum pool size: undefined/unknown
2026-09-23 15:33:04.873  INFO 25632 --- [demo] [main] org.hibernate.orm.core                   : HHH000489: No JTA platform available (set 'hibernate.transaction.jta.platform' to enable JTA platform integration)
2026-09-23 15:33:04.914  INFO 25632 --- [demo] [main] j.LocalContainerEntityManagerFactoryBean : Initialized JPA EntityManagerFactory for persistence unit 'default'
2026-09-23 15:33:04.958  INFO 25632 --- [demo] [main] o.s.d.j.r.query.QueryEnhancerFactories   : Hibernate is in classpath; If applicable, HQL parser will be used.
2026-09-23 15:33:05.106  WARN 25632 --- [demo] [main] JpaBaseConfiguration$JpaWebConfiguration : spring.jpa.open-in-view is enabled by default. Therefore, database queries may be performed during view rendering. Explicitly configure spring.jpa.open-in-view to disable this warning
2026-09-23 15:33:05.302  INFO 25632 --- [demo] [main] o.s.boot.tomcat.TomcatWebServer          : Tomcat started on port 8081 (http) with context path '/compunet2-2026'
2026-09-23 15:33:05.306  INFO 25632 --- [demo] [main] com.example.demo.DemoApplication         : Started DemoApplication in 2.616 seconds (process running for 2.872)
2026-09-23 15:33:08.701  INFO 25632 --- [demo] [http-nio-8081-exec-1] o.a.c.c.C.[.[.[/compunet2-2026]          : Initializing Spring DispatcherServlet 'dispatcherServlet'
2026-09-23 15:33:08.702  INFO 25632 --- [demo] [http-nio-8081-exec-1] o.s.web.servlet.DispatcherServlet        : Initializing Servlet 'dispatcherServlet'
2026-09-23 15:33:08.702  INFO 25632 --- [demo] [http-nio-8081-exec-1] o.s.web.servlet.DispatcherServlet        : Completed initialization in 0 ms
2026-09-23 15:36:29.828  INFO 25632 --- [demo] [SpringApplicationShutdownHook] o.s.boot.tomcat.GracefulShutdown         : Commencing graceful shutdown. Waiting for active requests to complete
2026-09-23 15:36:29.862  INFO 25632 --- [demo] [tomcat-shutdown] o.s.boot.tomcat.GracefulShutdown         : Graceful shutdown complete
2026-09-23 15:36:29.865  INFO 25632 --- [demo] [SpringApplicationShutdownHook] j.LocalContainerEntityManagerFactoryBean : Closing JPA EntityManagerFactory for persistence unit 'default'
2026-09-23 15:36:29.869  INFO 25632 --- [demo] [SpringApplicationShutdownHook] com.zaxxer.hikari.HikariDataSource       : HikariPool-1 - Shutdown initiated...
2026-09-23 15:36:29.870  INFO 25632 --- [demo] [SpringApplicationShutdownHook] com.zaxxer.hikari.HikariDataSource       : HikariPool-1 - Shutdown completed.
2026-09-23 15:36:35.402  INFO 10580 --- [demo] [main] com.example.demo.DemoApplication         : Starting DemoApplication using Java 17.0.12 with PID 10580 (C:\Users\STONEY\Projects\CNET II\parcial-avion\target\classes started by STONEY in C:\Users\STONEY\Projects\CNET II\parcial-avion)
2026-09-23 15:36:35.405  INFO 10580 --- [demo] [main] com.example.demo.DemoApplication         : No active profile set, falling back to 1 default profile: "default"
2026-09-23 15:36:35.763  INFO 10580 --- [demo] [main] .s.d.r.c.RepositoryConfigurationDelegate : Bootstrapping Spring Data JPA repositories in DEFAULT mode.
2026-09-23 15:36:35.807  INFO 10580 --- [demo] [main] .s.d.r.c.RepositoryConfigurationDelegate : Finished Spring Data repository scanning in 37 ms. Found 6 JPA repository interfaces.
2026-09-23 15:36:36.110  INFO 10580 --- [demo] [main] o.s.boot.tomcat.TomcatWebServer          : Tomcat initialized with port 8081 (http)
2026-09-23 15:36:36.118  INFO 10580 --- [demo] [main] o.apache.catalina.core.StandardService   : Starting service [Tomcat]
2026-09-23 15:36:36.119  INFO 10580 --- [demo] [main] o.apache.catalina.core.StandardEngine    : Starting Servlet engine: [Apache Tomcat/11.0.18]
2026-09-23 15:36:36.164  INFO 10580 --- [demo] [main] b.w.c.s.WebApplicationContextInitializer : Root WebApplicationContext: initialization completed in 733 ms
2026-09-23 15:36:36.296  INFO 10580 --- [demo] [main] org.hibernate.orm.jpa                    : HHH008540: Processing PersistenceUnitInfo [name: default]
2026-09-23 15:36:36.348  INFO 10580 --- [demo] [main] org.hibernate.orm.core                   : HHH000001: Hibernate ORM core version 7.2.7.Final
2026-09-23 15:36:36.665  INFO 10580 --- [demo] [main] o.s.o.j.p.SpringPersistenceUnitInfo      : No LoadTimeWeaver setup: ignoring JPA class transformer
2026-09-23 15:36:36.691  INFO 10580 --- [demo] [main] com.zaxxer.hikari.HikariDataSource       : HikariPool-1 - Starting...
2026-09-23 15:36:36.807  INFO 10580 --- [demo] [main] com.zaxxer.hikari.pool.HikariPool        : HikariPool-1 - Added connection conn0: url=jdbc:h2:mem:db-test user=POSTGRES
2026-09-23 15:36:36.809  INFO 10580 --- [demo] [main] com.zaxxer.hikari.HikariDataSource       : HikariPool-1 - Start completed.
2026-09-23 15:36:36.848  INFO 10580 --- [demo] [main] org.hibernate.orm.connections.pooling    : HHH10001005: Database info:
	Database JDBC URL [jdbc:h2:mem:db-test]
	Database driver: H2 JDBC Driver
	Database dialect: H2Dialect
	Database version: 2.4.240
	Default catalog/schema: DB-TEST/PUBLIC
	Autocommit mode: undefined/unknown
	Isolation level: READ_COMMITTED [default READ_COMMITTED]
	JDBC fetch size: 100
	Pool: DataSourceConnectionProvider
	Minimum pool size: undefined/unknown
	Maximum pool size: undefined/unknown
2026-09-23 15:36:37.457  INFO 10580 --- [demo] [main] org.hibernate.orm.core                   : HHH000489: No JTA platform available (set 'hibernate.transaction.jta.platform' to enable JTA platform integration)
2026-09-23 15:36:37.498  INFO 10580 --- [demo] [main] j.LocalContainerEntityManagerFactoryBean : Initialized JPA EntityManagerFactory for persistence unit 'default'
2026-09-23 15:36:37.543  INFO 10580 --- [demo] [main] o.s.d.j.r.query.QueryEnhancerFactories   : Hibernate is in classpath; If applicable, HQL parser will be used.
2026-09-23 15:36:37.696  WARN 10580 --- [demo] [main] JpaBaseConfiguration$JpaWebConfiguration : spring.jpa.open-in-view is enabled by default. Therefore, database queries may be performed during view rendering. Explicitly configure spring.jpa.open-in-view to disable this warning
2026-09-23 15:36:37.905  INFO 10580 --- [demo] [main] o.s.boot.tomcat.TomcatWebServer          : Tomcat started on port 8081 (http) with context path '/compunet2-2026'
2026-09-23 15:36:37.909  INFO 10580 --- [demo] [main] com.example.demo.DemoApplication         : Started DemoApplication in 2.815 seconds (process running for 3.09)
2026-09-23 15:36:46.779  INFO 10580 --- [demo] [http-nio-8081-exec-1] o.a.c.c.C.[.[.[/compunet2-2026]          : Initializing Spring DispatcherServlet 'dispatcherServlet'
2026-09-23 15:36:46.779  INFO 10580 --- [demo] [http-nio-8081-exec-1] o.s.web.servlet.DispatcherServlet        : Initializing Servlet 'dispatcherServlet'
2026-09-23 15:36:46.780  INFO 10580 --- [demo] [http-nio-8081-exec-1] o.s.web.servlet.DispatcherServlet        : Completed initialization in 1 ms
